Date,Open,High,Low,Close,Volume,OpenInt,Rolling_Std,Year,Month
2002-07-23,0.0,0.0,0.0,0.0,0.06270112481304993,0,0.0027970139873728095,2002,7
2002-07-25,0.022119851497657772,0.03991321118611374,0.02388965301961704,0.04420910753826901,0.10560556184501,0,0.0019647295718713542,2002,7
2002-07-29,0.06133496608159855,0.0599517839922854,0.058138967740676784,0.06029652450178108,0.06943398664063571,0,0.002144204745947259,2002,7
2002-07-30,0.05643672128598365,0.06726133076181295,0.05618799566884203,0.06432078559738136,0.10014987288489507,0,0.013860648964636818,2002,7
2002-07-31,0.060217311019107045,0.07047251687560269,0.061836059816803735,0.0718109174930201,0.09911959455802827,0,0.03732329565147277,2002,7
2002-08-01,0.06806033393589522,0.06662487945998069,0.05583682069591178,0.05856358910176185,0.04405898378613755,0,0.047627372030555365,2002,8
2002-08-02,0.049808540828425396,0.06085824493731917,0.05583682069591178,0.06605372099740059,0.040119698102016786,0,0.06028842653763819,2002,8
2002-08-05,0.06640814819134255,0.06533269045323042,0.06278228127164359,0.06194281313179939,0.05582772782883897,0,0.06866255728092599,2002,8
2002-08-06,0.06595136742667213,0.0686403085824493,0.0681474544691893,0.07052084336189468,0.04966295024038785,0,0.08383273487834861,2002,8
2002-08-07,0.066320679534278,0.0734715525554484,0.0704496015139543,0.07864638490420717,0.027815168662521365,0,0.09559638468240902,2002,8
2002-08-08,0.07452329581899819,0.08821600771456117,0.08007764868845901,0.09218253586213537,0.058901905052977925,0,0.11160225227999801,2002,8
2002-08-09,0.086253814605322,0.09194792671166824,0.08570620311570237,0.09009338596322325,0.05055339725949406,0,0.12246519340095033,2002,8
2002-08-12,0.08530137811728578,0.08512054001928637,0.08498434344912353,0.0872436699720805,0.04227073843756187,0,0.11945509049413275,2002,8
2002-08-13,0.08209419402491891,0.08054966248794598,0.06923999882941678,0.06752671608741695,0.12452775651459047,0,0.10481091544109486,2002,8
2002-08-14,0.05672828347619879,0.059026036644165836,0.06001190092963821,0.06239530181958214,0.10618263970852523,0,0.0920795844586065,2002,8
2002-08-15,0.05874006258868347,0.06498553519768557,0.06480153736599259,0.06788293058630979,0.09202378133261427,0,0.07741103452293771,2002,8
2002-08-16,0.059488405543569156,0.06085824493731917,0.061387336240281754,0.06166361798401848,0.07170069280625793,0,0.057233835214002576,2002,8
2002-08-19,0.05578556572783644,0.059026036644165836,0.059065679474798294,0.06285741792625399,0.047413136447515235,0,0.022378096000589903,2002,8
2003-03-25,0.17578284448072773,0.17871745419479268,0.1784944348521651,0.18025416385866955,0.06526415135065469,0,0.007394574316692909,2003,3
2003-03-26,0.17753221762201882,0.17524590163934428,0.1736852886950923,0.17220564166746893,0.0918920051840815,0,0.009681662220519555,2003,3
2003-03-27,0.16940735125468925,0.17111861137897777,0.16969555080819015,0.17321652065081355,0.04966295024038785,0,0.011604870661311245,2003,3
2003-03-28,0.1704278189204424,0.1809064609450337,0.1758801322759065,0.18353711369981707,0.06115171884585053,0,0.015755502681994132,2003,3
2003-03-31,0.17863043520516264,0.1770684667309546,0.1784944348521651,0.1759603350341773,0.03880936613248188,0,0.009243829170580531,2003,3
2003-04-01,0.17476237681497464,0.17964320154291225,0.17893340356832793,0.1844613459131607,0.03896593340213326,0,0.0034008449746799896,2003,4
2003-10-29,0.3029525531129123,0.30243972999035684,0.30992166847131586,0.3068643496678541,0.06693696548544142,0,0.01153656021626484,2003,10
2003-10-30,0.3053433630726767,0.3049083895853423,0.3072195721518246,0.3047848271878309,0.1464169087646076,0,0.020873188228068024,2003,10
2003-10-31,0.30433261414659746,0.3125072324011572,0.3110337225522617,0.31464330413016267,0.12195651840689911,0,0.03680448380065382,2003,10
2003-11-03,0.31909537971115903,0.3201928640308582,0.3173256074839289,0.32184461345913157,0.11774101114615063,0,0.0584393020305812,2003,11
2003-11-04,0.3204657220051704,0.3207425265188042,0.3241930291767874,0.32394339077693274,0.06378958797938755,0,0.07426796605657746,2003,11
2003-11-05,0.3225844072540673,0.32055930568948887,0.32454420414971763,0.3238567440069317,0.03163096797362538,0,0.08425787300749907,2003,11
2003-11-06,0.32296343810134703,0.32650916104146577,0.3253831221406066,0.3285356695869837,0.03186175219577384,0,0.09191503021079409,2003,11
2003-11-07,0.3272202460784885,0.3259594985535198,0.3299093773472632,0.32622508905362474,0.029908728007460174,0,0.08903716785889362,2003,11
2003-11-10,0.3248877485567672,0.32349083895853425,0.3262122852711363,0.32093000866467697,0.03084007646614064,0,0.07086973692568146,2003,11
2003-11-11,0.3195424417361556,0.31615236258437796,0.31261400993044786,0.3088957350534321,0.07966998247259915,0,0.044641677315349515,2003,11
2003-11-12,0.30802573522265636,0.3135390549662488,0.31011676567849933,0.31784923462019826,0.08212602398278979,0,0.02786631410370144,2003,11
2003-11-13,0.3161506015899858,0.3162391513982642,0.3179694282676344,0.31729084432463656,0.057978768164384055,0,0.010847777697973016,2003,11
2004-01-22,0.4145528407876066,0.42048216007714556,0.4198004155570513,0.4151343024935014,0.03105428113725709,0,0.008625315114199894,2004,1
2004-01-23,0.4169533694870448,0.41589199614271943,0.4179372372284491,0.4136709348223741,0.04934199515814545,0,0.010988595983844829,2004,1
2004-01-26,0.41409606002293614,0.43055930568948897,0.42147825153882923,0.4351497063637239,0.032430383872914297,0,0.03298807581580976,2004,1
2004-01-27,0.43761541003362686,0.43422372227579553,0.42841395725420184,0.4214402618657937,0.059487116281150394,0,0.03745504680064343,2004,1
2004-01-28,0.42329970649406184,0.42478302796528444,0.4075092915044921,0.4013478386444595,0.044001424590101874,0,0.037922614184897147,2004,1
2004-01-29,0.40271541586487064,0.41729026036644157,0.4100553100582366,0.41887936844132095,0.044817341834993425,0,0.0442146366689225,2004,1
2004-01-30,0.4182362431239917,0.426711668273867,0.413332943138919,0.4305863098103398,0.0836012129974921,0,0.05423938792147612,2004,1
2004-02-02,0.43410694501137087,0.438784956605593,0.43692995034776083,0.4364205256570713,0.060014533696999,0,0.06292316062486045,2004,2
2004-02-03,0.43844150290590306,0.4395081967213115,0.44109527572112806,0.4436218349860402,0.02853239065551478,0,0.06849795053579935,2004,2
2004-02-04,0.4410947188368613,0.4433461909353905,0.4446167803107899,0.4429094059882545,0.035010224577839276,0,0.06462896611686239,2004,2
2004-02-05,0.4425816860069585,0.43823529411764695,0.4324817340239775,0.4291999614903244,0.04345742762322125,0,0.053118808481354335,2004,2
2004-02-06,0.43344607071354985,0.45112825458052075,0.43683240174416904,0.45568499085395203,0.04431471554026344,0,0.06370136981544475,2004,2
2004-02-09,0.4555756409508815,0.4546287367405978,0.44664579126549797,0.4433618946760373,0.05506147103161408,0,0.05816670083069411,2004,2
2004-02-10,0.441289093630338,0.44500482160077137,0.4409001785139446,0.4396072013093289,0.11760509010985987,0,0.046275020622377594,2004,2
2004-02-11,0.4393453456955701,0.44793635486981676,0.44238291728853907,0.451131221719457,0.055910156351422664,0,0.02611948194004199,2004,2
2004-03-24,0.40165607324042213,0.39867888138862106,0.39138450733077756,0.38938095696543756,0.08191166290081456,0,0.0014483142695364548,2004,3
2004-03-25,0.3897311796606217,0.39322082931533264,0.39138450733077756,0.397785693655531,0.042303662923337725,0,0.016173736143156897,2004,3
2004-03-26,0.3971271405524132,0.3931340405014465,0.3904480407362969,0.3903629536921151,0.03177126851396233,0,0.034271312996524306,2004,3
2004-03-29,0.3897311796606217,0.39762777242044356,0.391852740628018,0.3981322807355348,0.05742655962741682,0,0.040324622938056276,2004,3
2004-03-30,0.3976616712344742,0.39625843780135006,0.40118814199174735,0.39968229517666315,0.021419919673639355,0,0.04706859419397738,2004,3
2004-03-31,0.400276012206737,0.40218900675024105,0.4006321149512745,0.40574756907673054,0.03547992638679342,0,0.04836465869441056,2004,3
2004-04-01,0.40607809979201887,0.4062005785920926,0.4113819710670842,0.4072687012611919,0.03782030206690693,0,0.04732639702956051,2004,4
2004-04-02,0.4375182226368884,0.44700096432015424,0.4423048784056657,0.4445460671993839,0.18991484680025614,0,0.040898823430884135,2004,4
2004-04-05,0.4486656170427819,0.45756027000964317,0.45433262122852724,0.45899682295176664,0.07371987878784086,0,0.031588481953593456,2004,4
2004-04-06,0.45420529865687026,0.45279652844744456,0.45523982324193024,0.4538654086839318,0.03723516904416386,0,0.027323990405275417,2004,4
2004-04-07,0.45373879915252596,0.44930568948891036,0.45359125184122995,0.45156445556946184,0.03562828208635819,0,0.03097150637069146,2004,4
2004-04-08,0.4574416389682587,0.4531629701060752,0.4540594851384703,0.44986040242610953,0.02027460116013062,0,0.03990246165019176,2004,4
2004-04-12,0.4518825198748227,0.45175506268081,0.456459180786827,0.45499181669394434,0.01579108389284104,0,0.04922633366155016,2004,4
2004-04-13,0.45602270297587816,0.4533365477338476,0.4554349204491138,0.45041879272167135,0.0355457753583451,0,0.05646856503874806,2004,4
2004-04-14,0.44405893443738215,0.4483027965284475,0.44758225785997874,0.451131221719457,0.058374253020841115,0,0.06373449773200998,2004,4
2004-04-15,0.4518825198748227,0.45131147540983607,0.44832362724727604,0.4485607008760952,0.01978824159471506,0,0.06640663588342113,2004,4
2004-04-16,0.46205804031333214,0.4717454194792672,0.4682040326592726,0.4702223933763358,0.11639353159765248,0,0.08537977170559288,2004,4
2004-04-19,0.46940540750675447,0.4697107039537126,0.4742422912216012,0.4702223933763358,0.03331246291107511,0,0.10009290591800399,2004,4
2004-04-20,0.46940540750675447,0.4659594985535197,0.4571127564308918,0.4570617117550784,0.06821452938005931,0,0.09551807210558669,2004,4
2004-04-21,0.45696542072424046,0.48957569913211174,0.4640289524255461,0.4821026282853567,0.1194428394952434,0,0.10707915167489021,2004,4
2004-04-22,0.49109763445876337,0.506036644165863,0.49717596792601915,0.5039568691633771,0.09110087906030859,0,0.12126564998079306,2004,4
2004-04-23,0.503071121736933,0.49901639344262294,0.49516646669202935,0.488312313468759,0.03360072812382985,0,0.11891841025667896,2004,4
2004-04-26,0.49524753629949275,0.49807135969141747,0.49894159765102963,0.49910465004332344,0.056932066697344054,0,0.10989498718206206,2004,4
2004-04-27,0.49479075553482216,0.494619093539055,0.4717255372489343,0.46938480793299314,0.16211680512677257,0,0.08357551475976052,2004,4
2004-04-28,0.46940540750675447,0.47073288331726126,0.46721879176299597,0.46740155964186,0.14963099550193654,0,0.05073147857111712,2004,4
2004-04-29,0.4670340350263377,0.47539054966248795,0.4675504570152078,0.4712332723596803,0.06420110494887085,0,0.016871239721896664,2004,4
2004-06-04,0.5279802515209828,0.5242430086788814,0.5304107771697248,0.5265909309714065,0.06770384792610148,0,0.012866790355014396,2004,6
2004-06-07,0.5316733725970415,0.5310221793635487,0.5314350375074381,0.5333493790314816,0.03644396471496154,0,0.02944039222325695,2004,6
2004-06-08,0.5335102143953971,0.5311186113789778,0.5338542428765132,0.5338114951381534,0.06180277904557468,0,0.02990589379722486,2004,6
2004-06-09,0.5345306820611502,0.531205400192864,0.5316301347146216,0.523307981130259,0.04934199515814545,0,0.02606467734131343,2004,6
2004-06-10,0.5238400684199274,0.5265380906460946,0.5316301347146216,0.5277751034947531,0.02437029770304397,0,0.010833383822733356,2004,6
2004-06-14,0.5247536299492681,0.5273770491803278,0.5318154770614459,0.5274092615769712,0.00657723302308718,0,0.0036901149204651706,2004,6
2004-06-15,0.5353664936731004,0.5302989392478303,0.5350443358403324,0.5323481274670261,0.01442334913812924,0,0.0004834269675365599,2004,6
2004-07-16,0.45097867708515554,0.4507039537126326,0.431281886199799,0.437335130451526,0.5354836020419751,0,0.07012825868843195,2004,7
2004-07-19,0.4505316150601591,0.45088717454194793,0.430716104298967,0.4291999614903244,0.21040287057720924,0,0.1320099707442228,2004,7
2004-07-20,0.42976266837716487,0.43970106075216964,0.4355350053163989,0.4442764994704919,0.08752415374686903,0,0.1634119658032173,2004,7
2004-07-21,0.4463719944797558,0.4429026036644166,0.4313794348033908,0.42436699720804855,0.130173015435562,0,0.20805789501476377,2004,7
2004-07-22,0.42376620599840614,0.42424300867888143,0.4212148703091315,0.42106479252912293,0.15033163794389792,0,0.2424044873669148,2004,7
2004-07-23,0.4217544268859214,0.4243394406943105,0.42238545355223245,0.42619620679695763,0.056091436536763274,0,0.2610727426314452,2004,7
2004-07-26,0.4258071413299123,0.42275795564127294,0.41260132861198096,0.4063733513045152,0.06511563924023112,0,0.2867422734266154,2004,7
2004-07-27,0.40724434855287966,0.4389585342333654,0.4134304917425107,0.4310387984981226,0.11047635239867001,0,0.29514756556878463,2004,7
2004-07-28,0.43438878846191226,0.4301060752169721,0.39129671358754503,0.4054683739289497,0.21833931396320402,0,0.3100352233877669,2004,7
2004-07-29,0.3195424417361556,0.4054098360655737,0.3256660130910226,0.40153075960335033,0.736309435735314,0,0.31278168952177865,2004,7
2004-07-30,0.39405601881547997,0.4375120540019287,0.3983397227668686,0.42884374699143163,0.3414323136700901,0,0.2964805294874808,2004,7
2004-08-02,0.4284797947402181,0.4351108968177434,0.426462985182367,0.42800616154808896,0.143491400061751,0,0.28052875512884146,2004,8
2004-08-03,0.432532509184209,0.428447444551591,0.431837913240272,0.42984499855588715,0.06624484743528422,0,0.24967076020773046,2004,8
2004-08-04,0.4283826073434796,0.42414657666345223,0.42007355164710825,0.42218157312024635,0.07114832785843189,0,0.19538564346829831,2004,8
2004-08-05,0.4210060839310357,0.41692381870781103,0.3880580999482992,0.3862616732454029,0.21179555286389848,0,0.14426626015134278,2004,8
2004-08-06,0.37995412754873953,0.37747348119575685,0.36590481207261516,0.36926927890632516,0.15172439843601654,0,0.13452686710799347,2004,8
2004-08-09,0.36567729896786977,0.3760173577627772,0.3728795372294246,0.37000096274188893,0.07902705563753223,0,0.13435514376854799,2004,8
2004-08-10,0.3739576651699808,0.38443587270973967,0.3779715743369134,0.3885433715220949,0.07391773852421349,0,0.11653351766494938,2004,8
2004-08-11,0.38642680817151637,0.394387656702025,0.3868484972637617,0.39795898719553285,0.05565473741901437,0,0.07537633631471916,2004,8
2004-08-12,0.3965828911306782,0.3925940212150434,0.3940670939295504,0.38938095696543756,0.046416017222712484,0,0.026196991139539688,2004,8
2004-08-13,0.38365696736447225,0.384619093539055,0.38463414396222917,0.3839703475498219,0.03444949164906783,0,0.026031605736634322,2004,8
2004-08-16,0.3827142496161097,0.3881967213114754,0.38750207290782623,0.3872629248098584,0.04581461747065497,0,0.025940406618575357,2004,8
2004-08-17,0.3887301494742162,0.3904532304725168,0.39360861549266923,0.3912968133243477,0.02836753361034739,0,0.010163726237205795,2004,8
2004-08-18,0.3899061169747507,0.4006364513018321,0.3952669417537288,0.40332145951670356,0.023158895601695366,0,0.004721491090568991,2004,8
2004-08-19,0.40253075981106773,0.39971070395371266,0.3997151580775121,0.40254163858669495,0.046243183223746674,0,0.000334653961711201,2004,8
2004-09-17,0.4249713297179621,0.43055930568948897,0.4314769834069826,0.4337633580437084,0.06631890797692253,0,0.0054268135370307835,2004,9
2004-09-20,0.4486656170427819,0.4478399228543877,0.4443338893603739,0.45041879272167135,0.10337209298688121,0,0.021343225303829344,2004,9
2004-09-21,0.4505316150601591,0.45435872709739633,0.45413752402134366,0.45762010205064024,0.07622534612940995,0,0.0374381026111468,2004,9
2004-09-22,0.45420529865687026,0.4529797492767599,0.4430364929326037,0.4415326850871281,0.08973267507302041,0,0.03149102872941861,2004,9
2004-09-23,0.44313565416836737,0.4403471552555448,0.44591417673855993,0.44263983825936265,0.035051204222842934,0,0.02994722239766079,2004,9
2004-09-24,0.4424067486928294,0.4595660559305689,0.44989415976510294,0.45908346972176767,0.08867776203589378,0,0.028645591347613797,2004,9
2004-09-27,0.45602270297587816,0.4515718418514947,0.4420219874552497,0.43668046596707416,0.07737082105377749,0,0.013090116719551764,2004,9
2004-10-15,0.40072307423173364,0.3967888138862101,0.37936651936827526,0.3831616443631462,0.3185543319707862,0,0.01982426169214979,2004,10
2004-10-18,0.382276906330787,0.3878302796528448,0.38768741525465067,0.3898238182343314,0.14914479234737976,0,0.03824222283998699,2004,10
2004-10-19,0.39792407720566797,0.3944840887174542,0.3733282608059466,0.37045345142967173,0.1145311475020091,0,0.06672360145251052,2004,10
2004-10-20,0.36953563861838395,0.3757377049180328,0.36453913162233076,0.3803408106286705,0.20198022403665772,0,0.08431086647204009,2004,10
2004-10-21,0.38963399226388323,0.38663452266152354,0.3745476183508434,0.3726581303552518,0.22202310250948712,0,0.10318329762865971,2004,10
2004-10-22,0.37176123000369315,0.36824493731918995,0.3640806531854497,0.3622316356984692,0.19989518908352308,0,0.11584513607848282,2004,10
2004-10-25,0.35645421501739655,0.3527772420443587,0.3529698672363506,0.35201694425724456,0.2188420184633634,0,0.14258133821759836,2004,10
2004-10-26,0.35479231053317,0.38542912246865957,0.3497410084574639,0.39009338596322324,0.42022811585289743,0,0.1392418276946877,2004,10
2004-10-27,0.40488269481213685,0.42506268081002885,0.40805556368460594,0.425541542312506,0.2388687084123078,0,0.12810870284638468,2004,10
2004-10-28,0.4210060839310357,0.4218804243008678,0.4242486318808347,0.4264850293636276,0.19181054640882234,0,0.11297053341256633,2004,10
2004-10-29,0.4246894862674208,0.43833172613307614,0.43042345848819175,0.4405410609415616,0.14493350817981868,0,0.105229097897836,2004,10
2004-11-01,0.4402880634439326,0.4359594985535198,0.4283261635109693,0.42894002118032165,0.1280139981462185,0,0.08546372911445435,2004,11
2004-11-02,0.43943281435263476,0.4377049180327869,0.430716104298967,0.4269182632136324,0.10461665419029384,0,0.07303790257676637,2004,11
2004-11-03,0.44358271619336404,0.4400675024108004,0.43768107459541716,0.44310195436603445,0.1437217150513231,0,0.0713531721389267,2004,11
2004-11-04,0.45789841973292905,0.45652844744455157,0.45387414279164595,0.4610763454317897,0.14860900695058574,0,0.09843484084645263,2004,11
2004-11-05,0.47015375046164015,0.4744840887174542,0.4767102708924722,0.4777991720419755,0.13684034111331372,0,0.14066234785688794,2004,11
2004-11-08,0.4652555056660252,0.46662487945998066,0.46231209700233145,0.4584480600750939,0.11868487247353451,0,0.1587822401279084,2004,11
2004-11-09,0.45836491923727335,0.4603664416586306,0.45804922302537243,0.45267160874169626,0.0735547871263853,0,0.1709712581753073,2004,11
2004-11-10,0.45272805022644663,0.45242044358727096,0.4557958502824032,0.45156445556946184,0.07354681017258688,0,0.18114563907372103,2004,11
2004-11-11,0.45883141874161765,0.46698167791706846,0.46356071912830576,0.46985655145855404,0.05904189277159729,0,0.1995322273749582,2004,11
2004-11-12,0.46434194413668434,0.459990356798457,0.460722054763786,0.46024838740733615,0.07572248521839178,0,0.20118486624620827,2004,11
2004-11-15,0.45373879915252596,0.457463837994214,0.46126832694389985,0.4588139019928757,0.04695195903036529,0,0.2016978913981395,2004,11
2004-11-16,0.4553326724590356,0.45482160077145606,0.45636163218323533,0.4552613844228362,0.04253436894005679,0,0.18453434489361306,2004,11
2004-11-17,0.4574416389682587,0.4635004821600771,0.4626827816959801,0.4593722922884374,0.06792610775644578,0,0.1711671089048837,2004,11
2004-11-18,0.45929791824596183,0.4549083895853423,0.45413752402134366,0.4483777799172041,0.1178933553226146,0,0.1424859857280745,2004,11
2004-11-19,0.4481991175384376,0.44519768563162976,0.4409001785139446,0.4350534321748339,0.06773661600101855,0,0.09215583883351738,2004,11
2004-11-22,0.43484556922658274,0.44756027000964316,0.43823710163589014,0.4482911331472032,0.07655490380888594,0,0.0006716105441138542,2004,11
2004-12-13,0.4998639376445662,0.5009064609450338,0.503389813974813,0.49910465004332344,0.02988393688634155,0,0.007419632686721883,2004,12
2004-12-14,0.4957043170641631,0.5036837029893925,0.4980246407772674,0.5017425628189083,0.061036365837490995,0,0.015534847961363896,2004,12
2004-12-15,0.49818259568099205,0.49340405014464794,0.4696184874113527,0.4762684124386252,0.22110825539640924,0,0.010896776591630547,2004,12
2004-12-16,0.47402180885182804,0.47073288331726126,0.46441914683991303,0.4598055261384422,0.19855998778744016,0,0.010725498105477682,2004,12
2004-12-17,0.4486656170427819,0.4577434908389586,0.456176289836411,0.45762010205064024,0.168701389460223,0,0.005383020089849089,2004,12
2005-02-02,0.5307403735883531,0.5412825458052073,0.5275428482241277,0.5231154327524792,0.21644361435463785,0,0.022876591340805025,2005,2
2005-02-03,0.5178436060411684,0.5215139826422373,0.5246944289992489,0.5223741214980264,0.09432317736772414,0,0.05164342096365185,2005,2
2005-02-04,0.5248508173460065,0.5283702989392478,0.5320788582911437,0.5282275921825359,0.101814631860454,0,0.08135582495494095,2005,2
2005-02-07,0.5242871304449239,0.5193056894889103,0.5169002955722688,0.5125252719745836,0.13795304796276422,0,0.09131632041967189,2005,2
2005-02-08,0.5063171807879954,0.5120057859209257,0.5094085628164232,0.509146047944546,0.09340035330084784,0,0.09859373073995845,2005,2
2005-02-09,0.5026143409722628,0.5058534233365477,0.5088622906363095,0.5008375854433427,0.10527600416553401,0,0.0994457834558645,2005,2
2005-02-10,0.5012439986782513,0.5092381870781099,0.5002487489391589,0.5105035140078944,0.16918790543649737,0,0.10195892639831236,2005,2
2005-02-11,0.5099811456450327,0.5124783027965284,0.5090476329831339,0.5090594011745451,0.10094115541952678,0,0.0851413030107541,2005,2
2005-02-14,0.5076972418216805,0.5044937319189972,0.4984928740745076,0.495523250216617,0.12714842045366032,0,0.07234259302504889,2005,2
2005-02-15,0.4869380138783603,0.48891996142719374,0.4908157989718378,0.4915182439587947,0.17564079182684442,0,0.06815302102757873,2005,2
2005-02-16,0.4878807316267226,0.4995660559305689,0.4955371513856779,0.5027341869644748,0.11369059554685773,0,0.062283913553524445,2005,2
2005-02-17,0.4971038155771959,0.5188621022179363,0.504794513866534,0.518455762010205,0.2508183416132028,0,0.06404858081667034,2005,2
2005-02-18,0.5182906680661652,0.517135969141755,0.5227337020670548,0.5151631847501685,0.12901948535196667,0,0.05928603135989771,2005,2
2005-02-22,0.5136937042004392,0.5138090646094503,0.50838430247871,0.5056609223067297,0.15641383059890657,0,0.04614469566695406,2005,2
2005-02-23,0.505549400353762,0.5034908389585343,0.5048823076097665,0.5007413112544528,0.11526440160802875,0,0.03122192909289545,2005,2
2005-02-24,0.5010593426244485,0.5037704918032787,0.5026484445875157,0.5069509964378549,0.08103810825445795,0,0.020498885898711433,2005,2
2005-03-14,0.4574416389682587,0.4530665380906461,0.4480309814365008,0.4518340232983538,0.11672316748255784,0,0.009437740561742902,2005,3
2005-03-15,0.45420529865687026,0.45343297974927677,0.4479529425536273,0.45568499085395203,0.1261843039200628,0,0.03112533394949432,2005,3
2005-03-16,0.4532917371275293,0.4528833172613308,0.4551520294986977,0.45489554250505443,0.09129052722659461,0,0.04978320172291373,2005,3
2005-03-17,0.45477870429762673,0.4652266152362584,0.4617365602411402,0.4646288630018292,0.12917597441618867,0,0.05816045597515743,2005,3
2005-03-18,0.4652555056660252,0.4727386692381871,0.4701550047311074,0.4759795898719554,0.19659859561818108,0,0.05348993069799887,2005,3
2005-03-21,0.4745854957529108,0.47027000964320154,0.46922829299698565,0.46472513719071923,0.040119698102016786,0,0.053211284851448964,2005,3
2005-03-22,0.4640795381654907,0.4620347155255544,0.4655409557812179,0.4598055261384422,0.15365302253035856,0,0.05761642167849093,2005,3
2005-03-23,0.45929791824596183,0.4549083895853423,0.45533737184552203,0.45077500722056413,0.13598320960713034,0,0.06699951065964391,2005,3
2005-03-24,0.452825237623185,0.45551591128254576,0.45562026279593804,0.4570617117550784,0.08479611375323809,0,0.06738186397235693,2005,3
2005-03-28,0.46205804031333214,0.4772227579556413,0.4672870757855101,0.4747087705786079,0.09822961677149844,0,0.053685344430882215,2005,3
2005-03-29,0.47477987054638754,0.47812921890067495,0.47756869860407947,0.47908924617310095,0.12436313408571129,0,0.037514755624087875,2005,3
2005-03-30,0.4792018970979843,0.4827193828351012,0.48312896900880875,0.48639645710984875,0.06298141307200625,0,0.02153714047695457,2005,3
2005-03-31,0.4163022139288977,0.4456702025072323,0.41686420258893997,0.44254356407047274,0.9315967609188075,0,0.014025166908147785,2005,3
2005-04-01,0.4422123738993527,0.4380617164898746,0.40259284188346856,0.41386348320015404,0.586094011059499,0,0.02364608485201708,2005,4
2005-04-04,0.4133574358077245,0.40978784956605596,0.4108064343058929,0.4131125445268124,0.2298690622136704,0,0.02788233692286271,2005,4
2005-04-05,0.4113165004762182,0.42964320154291225,0.417312926165462,0.43202079522480025,0.17330831489509993,0,0.014558810631382701,2005,4
2005-04-06,0.43168697883258494,0.44996142719382837,0.4385980314691794,0.4336670838548186,0.19231309449812292,0,0.014001336001395193,2005,4
2005-04-07,0.4353023499912531,0.438784956605593,0.4372030864378177,0.4396072013093289,0.06837962104151488,0,0.003943072179164064,2005,4
2005-04-08,0.4393453456955701,0.4370395371263259,0.4354374567128071,0.43166458072590735,0.05096546166698313,0,0.005707146004327118,2005,4
2005-04-11,0.4329892899488795,0.4319093539054967,0.4367446080009364,0.434793491864831,0.0725412447614093,0,0.009215697515342042,2005,4
2005-04-12,0.43392228895756796,0.4297299903567985,0.4294479724522744,0.43405218061037837,0.07662067457500824,0,0.012611843157948638,2005,4
2005-04-13,0.4336404455070266,0.43412729026036634,0.43524235950562373,0.42902666795032257,0.03315566102513553,0,0.01725671679832816,2005,4
2005-04-14,0.42875191945108554,0.42607521697203465,0.4290675328982666,0.4281794550880909,0.0844417649526435,0,0.021477697463965606,2005,4
2005-04-15,0.4260987035201275,0.4432594021215043,0.4326670763708018,0.43969384807932993,0.1786489636685729,0,0.018107049600607605,2005,4
2005-04-18,0.43943281435263476,0.4389585342333654,0.4354374567128071,0.43304130162703375,0.11593204135878493,0,0.007705569199017326,2005,4
2005-04-19,0.4329892899488795,0.43422372227579553,0.430998995249383,0.43496678540483297,0.11140785726820929,0,0.002453016054285745,2005,4
2005-09-13,0.43925787703850555,0.43502410800385727,0.4094212441348901,0.40753826899008366,0.6134057713729965,0,0.0033922309373553283,2005,9
2005-09-14,0.4024432911540032,0.4043780135004821,0.3947304244339742,0.39120053913545777,0.41565434952008457,0,0.07559793733390527,2005,9
2005-09-15,0.3904795226155073,0.39887174541947923,0.39692526801478845,0.3922114181188023,0.2477775581074161,0,0.12434181271815495,2005,9
2005-09-16,0.3950862052209069,0.3913018322082932,0.3904480407362969,0.3923076923076923,0.176819034826129,0,0.15869271518428832,2005,9
2005-09-19,0.3934243007366805,0.39139826422372226,0.38091754216538387,0.37704823336863397,0.15257324016668394,0,0.20013652085562142,2005,9
2005-09-20,0.37791319221723324,0.37747348119575685,0.36954337498658707,0.367536343506306,0.3161646086647236,0,0.23936212567869478,2005,9
2005-09-21,0.36842770229556626,0.36677917068466726,0.3668607883878142,0.3666313661307404,0.20727105595160525,0,0.27136213857860725,2005,9
2005-09-22,0.36842770229556626,0.3650241080038572,0.3658170183293826,0.3666313661307404,0.1088114370122523,0,0.29271137144882364,2005,9
2005-09-23,0.36824304624176335,0.3734522661523626,0.3696311687298196,0.37730817367863684,0.12676951514823526,0,0.3023738428760093,2005,9
2005-09-26,0.3827142496161097,0.3788331726133076,0.37369894549959526,0.36744006931741596,0.10984171533911907,0,0.31284472375073347,2005,9
2005-09-27,0.36114836627986086,0.36475409836065575,0.3580716592041985,0.3639645710984885,0.2031998377080929,0,0.31614038887054186,2005,9
2005-09-28,0.36659086049721074,0.36374156219864995,0.36175899641996623,0.3571387311061904,0.11933585446782927,0,0.3213045555599745,2005,9
2005-09-29,0.3550741539837114,0.35251687560270006,0.35545735662793987,0.35293154905169916,0.09130695036676784,0,0.31473418176965395,2005,9
2005-09-30,0.3569109957820669,0.3627386692381871,0.36166144781637455,0.36105709059401175,0.10806152514977121,0,0.2955778583701192,2005,9
2005-10-03,0.35901996229129,0.36054966248794595,0.35899837093832,0.3539231731972659,0.06646742008734607,0,0.2646696613111783,2005,10
2005-10-04,0.35412171749567517,0.36092574734811955,0.36128100826236675,0.3566669875806296,0.08448305741936474,0,0.2077350562597496,2005,10
2005-10-05,0.3476976305712675,0.3477627772420444,0.3460341615209779,0.34222585924713583,0.12857441825327234,0,0.14274970574005882,2005,10
2005-10-06,0.3393686706707874,0.3430954676952749,0.3233541111858984,0.32541638586694904,0.22570696926119957,0,0.11326787267623353,2005,10
2005-10-07,0.32601512235893254,0.33118611378977825,0.33306995210363566,0.33410031770482335,0.17003674716716474,0,0.07429071878753488,2005,10
2005-10-10,0.3334888331681148,0.33319189971070395,0.3350111693151113,0.3303552517570039,0.0930785379588821,0,0.02020041850142501,2005,10
2005-10-11,0.34536513304954614,0.3417743490838958,0.3228858778886581,0.31902377972465584,0.22608634379920098,0,0.01733209469077973,2005,10
2005-10-12,0.3163352576437887,0.3276084860173577,0.3073171207554164,0.3294406469625493,0.31872747879146957,0,0.014070193394369324,2005,10
2005-10-13,0.32813380760782934,0.3357377049180328,0.3346404846214627,0.33601617406373346,0.18677482060456552,0,0.0011240832536868195,2005,10
2005-10-20,0.3094057962563415,0.30913211186113787,0.30603923404836464,0.3037739482044864,0.1663693035556255,0,8.79114401143577e-05,2005,10
2005-10-21,0.32895990048010576,0.32549662487945996,0.2866855910957635,0.2992971984211033,0.368670169852808,0,0.007143687001444771,2005,10
2005-10-24,0.30250549108791575,0.30418514946962383,0.30362978353964865,0.3089823818234331,0.16225679284539193,0,0.007277244043410153,2005,10
2005-10-25,0.30894901549167103,0.30573770491803276,0.3093851511515613,0.3088957350534321,0.08425235140264567,0,0.005880713883331584,2005,10
2005-10-26,0.30767586059439817,0.31324975891996143,0.31466253060587446,0.3142678347934918,0.23026462527555683,0,0.002829880583510247,2005,10
2005-10-27,0.3112620755340448,0.30966248794599804,0.2968891750314594,0.29536921151439294,0.261713609214977,0,0.012345969023615094,2005,10
2005-10-28,0.2918731898847357,0.3055641272902604,0.2988011276618575,0.30907865601232304,0.27911940060856333,0,0.002453101164604815,2005,10
2005-12-02,0.3240713744241646,0.3736354869816778,0.3298215836040307,0.3680851063829787,0.8118004328826929,0,0.014644176874709869,2005,12
2005-12-05,0.37312185355803057,0.37566055930568953,0.3743525211436598,0.3699046885529989,0.27812235958918996,0,0.0390719248163601,2005,12
2005-12-06,0.36982720080859915,0.36677917068466726,0.3533503067903584,0.3497063637238857,0.22907777967903867,0,0.0423131206176629,2005,12
2005-12-07,0.3490388166462573,0.35386692381870777,0.3533503067903584,0.3506209685183403,0.16365776490759718,0,0.04573811037017797,2005,12
2005-12-08,0.3486792232783253,0.3477627772420444,0.3484338571693346,0.3447963800904977,0.17197350462616398,0,0.04718216699940861,2005,12
2005-12-09,0.34678406904192655,0.35503375120540015,0.3531552095831748,0.3585828439395398,0.18908258462062077,0,0.05321535410406422,2005,12
2005-12-12,0.3575524326005403,0.36054966248794595,0.3595446431184337,0.3643304130162703,0.12676951514823526,0,0.0644506155277699,2005,12
2005-12-13,0.36114836627986086,0.3650241080038572,0.3649098163159795,0.3602195051506691,0.14471117014404503,0,0.07442182832312691,2005,12
2005-12-14,0.35828133807607826,0.36237222757955645,0.36545608849609323,0.3667276403196303,0.08893325917373149,0,0.08750085326531923,2005,12
2005-12-15,0.3679709215308959,0.3770202507232401,0.3694458263829953,0.37110811591412346,0.18073384221084873,0,0.10126998543924717,2005,12
2005-12-16,0.37628044395202837,0.38113789778206364,0.37999083043126236,0.3853566958698374,0.19338458708628156,0,0.11717042991477303,2005,12
2005-12-19,0.383180749120454,0.37929604628736735,0.3749963419273653,0.3726581303552518,0.18179712322892075,0,0.12256379224519223,2005,12
2005-12-20,0.37810756701070997,0.375274831243973,0.35963243686166624,0.3551843650717243,0.17870683568632617,0,0.1165614077632103,2005,12
2005-12-21,0.3477948179680059,0.36054966248794595,0.35193585203827804,0.3647925291229421,0.14921893109444745,0,0.10548577798242467,2005,12
2005-12-22,0.3675044220265516,0.36402121504339435,0.36427575039263305,0.367257148358525,0.07025835007190206,0,0.08901369702467146,2005,12
2005-12-23,0.3687970144031722,0.3669623915139827,0.36638280023021474,0.3630595937229229,0.01988724966833077,0,0.05928773264751222,2005,12
2005-12-27,0.3615176783874667,0.36165863066538095,0.3598275340688498,0.355752382786175,0.05449283935447361,0,0.024190549972437525,2005,12
2006-05-05,0.282193325169592,0.2859691417550627,0.2890072478612469,0.28840858765764893,0.10452601409762352,0,0.011024672983995454,2006,5
2006-05-08,0.29050284759072437,0.29466730954676945,0.2958649146937462,0.29717916626552415,0.17196513664521856,0,0.01668932909508522,2006,5
2006-05-09,0.30203899158357145,0.29896817743490833,0.29870357905826583,0.29342447289881585,0.08933695560027516,0,0.021891128837704887,2006,5
2006-05-10,0.2928159076330981,0.300433944069431,0.29742569235121397,0.30040435159333784,0.11083883456392185,0,0.022442453258225026,2006,5
2006-05-11,0.2993566194335919,0.3014271938283509,0.3015910177245813,0.3038702223933763,0.11973149573514513,0,0.022075573207356314,2006,5
2006-05-12,0.3038952708612747,0.30206364513018324,0.30483938622418616,0.3002118032155579,0.08641965846750518,0,0.019127225279914534,2006,5
2006-05-15,0.29770443368903915,0.3014271938283509,0.30095695180123494,0.29994223548666604,0.08426869633738948,0,0.016338996189763755,2006,5
2006-05-16,0.29816121445370963,0.30178399228543873,0.3050247285710106,0.30487147395783193,0.09111722399505243,0,0.0006159631885462313,2006,5
2006-06-27,0.25619569654207236,0.2532979749276759,0.2449445436188581,0.24146529315490511,0.5467990674158956,0,0.03575704511199218,2006,6
2006-06-28,0.24365852236281998,0.24524590163934423,0.2481831572581038,0.2500433233850005,0.29753067920789783,0,0.06390064522926434,2006,6
2006-06-29,0.24798336151767836,0.25713596914175507,0.2547481782798279,0.2613844228362376,0.18070091772507288,0,0.07940738816183676,2006,6
2006-06-30,0.25923766205998405,0.2567888138862102,0.25353857559529036,0.24986040242610957,0.14383738088140022,0,0.1031168583661062,2006,6
2006-07-03,0.24318230411880187,0.2486306653809065,0.24975368977593082,0.2531529796861461,0.02062871534443704,0,0.12096181463390707,2006,7
2006-07-05,0.24946060994810187,0.24844744455159107,0.24955859256874746,0.24912871859054592,0.13113736658544772,0,0.13989852629302077,2006,7
2006-07-06,0.2513071704861313,0.2525650916104146,0.25623091705442236,0.25534803119283717,0.07334895043621426,0,0.1503564044603383,2006,7
2006-07-07,0.25085038972146095,0.2508293153326904,0.25558709627071685,0.2532396264561471,0.10333095693101876,0,0.15791617153593143,2006,7
2006-07-10,0.25407701129317556,0.2536644165863067,0.2565235628651976,0.2535958409550399,0.039328571978243874,0,0.16226695637554314,2006,7
2006-07-11,0.24992710945244617,0.25074252651880424,0.25594802610400635,0.2524405506883604,0.09538622376950795,0,0.16410350723943998,2006,7
2006-07-12,0.2504033276964643,0.24890067502410795,0.24937325022192303,0.24785789929719843,0.1456255480245465,0,0.15735645117335942,2006,7
2006-07-13,0.24393064707368745,0.2438090646094504,0.2417937237228449,0.23853855781265038,0.1286979828317185,0,0.14936892364191698,2006,7
2006-07-14,0.2227049196260229,0.23646094503375126,0.22937578648561646,0.23278136131703092,0.07951349340837718,0,0.1324729906783302,2006,7
2006-07-17,0.23195715979551773,0.234725168756027,0.23725771365582904,0.23515933378261283,0.07716467154188886,0,0.10479075206730162,2006,7
2006-07-18,0.2347075631232141,0.23252651880424302,0.2248495312789598,0.22481948589583134,0.2191883903101596,0,0.08135835234091618,2006,7
2006-07-19,0.22252026357222,0.23154291224686596,0.22865392681903762,0.2293154905169924,0.27143853256583567,0,0.05675612119002879,2006,7
2006-07-20,0.22594125993741127,0.2249180327868852,0.22014768858583794,0.21634735727351495,0.20840863212760374,0,0.0339011399719481,2006,7
2006-07-28,0.2868097265146656,0.30243972999035684,0.28707578551013047,0.30595937229228837,0.25994170880114514,0,0.016494359363337624,2006,7
2006-07-31,0.30203899158357145,0.30609450337512056,0.307795108913016,0.3094444979301049,0.19354099794507415,0,0.05606632100473044,2006,7
2006-08-01,0.3071218924329893,0.31754098360655736,0.31176533707919973,0.31822470395686914,0.25966994493399304,0,0.09670302366822933,2006,8
2006-08-02,0.33136042917954395,0.3349276759884281,0.33399666383775717,0.3307210936747858,0.3799280760306928,0,0.1415959019603125,2006,8
2006-08-03,0.31271988648512056,0.323404050144648,0.3168476193263293,0.32622508905362474,0.2857949378564017,0,0.17325140713903595,2006,8
2006-08-04,0.32601512235893254,0.328900675024108,0.3322310341127467,0.332540675844806,0.15966897518666853,0,0.20400242880898775,2006,8
2006-08-07,0.33136042917954395,0.32942140790742525,0.33147990986509024,0.33282949841147585,0.11086354747961108,0,0.2289339916045622,2006,8
2006-08-08,0.3333916457713764,0.3381388621022179,0.3374206198238272,0.33720034658708004,0.1530595215266701,0,0.2515738384308267,2006,8
2006-08-09,0.3371819542441737,0.34336547733847633,0.3438100533590862,0.34343891402714927,0.1950493460618405,0,0.2718086458879372,2006,8
2006-08-10,0.3398351701751317,0.34454194792671167,0.3423078048637733,0.348637720227207,0.10502042882226689,0,0.285360939395642,2006,8
2006-08-11,0.3435380099908644,0.3542333654773384,0.3484338571693346,0.3546163473572735,0.17645670907173597,0,0.29240080026099036,2006,8
2006-08-14,0.3509242521429821,0.3472902603664416,0.3446489713499752,0.3439780494849331,0.2114003026237296,0,0.2868225727596291,2006,8
2006-08-15,0.34631756953758236,0.345602700096432,0.3489118453269341,0.34531626071050353,0.1183223121028533,0,0.2665324106332301,2006,8
2006-08-16,0.3461231947441055,0.342526518804243,0.3403763425126569,0.34005006257822284,0.2702682665203495,0,0.2387620733812105,2006,8
2006-08-17,0.33698757945069685,0.343635486981678,0.34399539570591053,0.3467026090305189,0.11572612646318448,0,0.18729747029204805,2006,8
2006-08-18,0.34536513304954614,0.34910318225650916,0.34657067884073245,0.35137190719168193,0.071420482752731,0,0.13726935852468028,2006,8
2006-08-21,0.3457441638968259,0.3459787849566056,0.34946787236740706,0.34791566381053235,0.0912821592456492,0,0.07873973490892536,2006,8
2006-08-22,0.3414193247419675,0.3447926711668273,0.3484338571693346,0.3471647251371907,0.07689282946930734,0,0.0191763810663724,2006,8
2007-02-05,0.48832779365171924,0.4944262295081966,0.49404465775072437,0.4969866178877443,0.17754446838920904,0,0.011255244393677727,2007,2
2007-02-06,0.49432425603047786,0.49578592092574736,0.49988781910586944,0.4990083758544334,0.11120155134546186,0,0.02262396491043797,2007,2
2007-02-07,0.49635547262231033,0.5051976856316297,0.5026484445875157,0.5092326947145469,0.14271669707815132,0,0.03890021905966368,2007,2
2007-02-08,0.5145975469901063,0.5123818707810993,0.5159930935588658,0.5090594011745451,0.22550097616016976,0,0.04853043243444685,2007,2
2007-02-09,0.5026143409722628,0.5033076181292189,0.5019168300605777,0.49690959853663225,0.08097218107747686,0,0.048453751278237006,2007,2
2007-02-12,0.4971038155771959,0.49233365477338464,0.49468847853442977,0.49224992779435833,0.04201704002460029,0,0.04496723743892689,2007,2
2007-02-13,0.4908255097478958,0.49816779170684666,0.4958005326153756,0.5007413112544528,0.06778666747583217,0,0.0430023678191534,2007,2
2007-02-14,0.5002235310124983,0.5034040501446481,0.5063552915240019,0.5047463175122751,0.08621530768049265,0,0.04357045350409616,2007,2
2007-02-15,0.5033626839271483,0.5030279652844745,0.503955595875645,0.5067777028978531,0.08314777791785238,0,0.042579545402038704,2007,2
2007-02-16,0.5041110268820339,0.5038669238187079,0.5061601943168184,0.5074997593145278,0.04367992206985371,0,0.034624136677362805,2007,2
2007-02-20,0.5127607051917507,0.5245226615236258,0.51617843590569,0.5245788004236065,0.16773742933748428,0,0.033891013780360135,2007,2
2007-02-21,0.5238400684199274,0.5188621022179363,0.5211729244095871,0.5182632136324252,0.07680187655491943,0,0.02264528730083823,2007,2
2007-02-22,0.5167453884580246,0.5148216007714561,0.5186561704369202,0.5170886685279676,0.05097375144249914,0,0.007916047652888752,2007,2
2007-07-27,0.4532917371275293,0.4653230472516876,0.4505477354091677,0.4432848753249254,0.3630031698224643,0,0.054752940689394874,2007,7
2007-07-30,0.4444282465449881,0.4526036644165863,0.44664579126549797,0.4565033214595167,0.22908020404734994,0,0.08649384305004085,2007,7
2007-07-31,0.4589188873986822,0.456711668273867,0.44877235082379796,0.44209107538268994,0.25744758124683853,0,0.1272594341590599,2007,7
2007-08-01,0.43943281435263476,0.45535197685631623,0.4469091724951957,0.45863098103398475,0.15072399458317914,0,0.14614659952645406,2007,8
2007-08-02,0.45620735902968096,0.4580038572806172,0.4540594851384703,0.4518340232983538,0.1873113098502241,0,0.16713708131501256,2007,8
2007-08-03,0.4486656170427819,0.4490356798457088,0.44322183527942793,0.4360546837392894,0.11558981439974675,0,0.19623626710330203,2007,8
2007-08-06,0.43778062860808203,0.44108968177434904,0.4351545657623911,0.4456628477905074,0.11450017815196817,0,0.21282548363386586,2007,8
2007-08-07,0.44194996792815905,0.45343297974927677,0.44646044891867376,0.4524020410128045,0.1459084952681023,0,0.22326372726474078,2007,8
2007-08-08,0.46242735242093796,0.46249758919961426,0.4536790455844625,0.4609800712428997,0.10759315283311682,0,0.22718410925600704,2007,8
2007-08-09,0.45678076467043743,0.48488910318225653,0.456176289836411,0.4583517858862039,0.14877402040661192,0,0.23069835389837393,2007,8
2007-08-10,0.4517853324780842,0.4532401157184186,0.4489576931706223,0.4470203138538558,0.09111722399505243,0,0.23750374669461569,2007,8
2007-08-13,0.4545843295041498,0.4533365477338476,0.44758225785997874,0.4506883604505632,0.06527236292074129,0,0.23716584629704637,2007,8
2007-08-14,0.4557602970046844,0.4522275795564127,0.45164027976939514,0.4491190911716569,0.046441121165548695,0,0.22115102858699984,2007,8
2007-08-15,0.4455556203471534,0.4484763741562199,0.4402661125905982,0.4350534321748339,0.05148474571817454,0,0.2055953239141207,2007,8
2007-08-16,0.43474838182984427,0.43431051108968177,0.4283261635109693,0.4313083662270146,0.08431663626560942,0,0.18967348041814566,2007,8
2007-08-17,0.4595700429568293,0.5586306653809063,0.43850048286558785,0.4436218349860402,0.08642059693265794,0,0.1559617781800223,2007,8
2007-08-20,0.44711061869496765,0.4445515911282545,0.4330475159248096,0.4318475016847983,0.06107758009878284,0,0.0974206446349977,2007,8
2007-08-21,0.42348436254786487,0.42617164898746385,0.42507779501136445,0.42060267642245125,0.09731469145299118,0,0.023949896837691526,2007,8
2007-09-17,0.487132388671837,0.48390549662487947,0.48487508901310084,0.4797342832386637,0.044241828080066097,0,0.010095523502642534,2007,9
2007-09-18,0.4868408264816218,0.48544840887174534,0.48275828431516,0.4840281120631558,0.08648558564448625,0,0.017994913042710975,2007,9
2007-09-19,0.4916516026201722,0.4948023143683702,0.49192785305278364,0.49928757100221427,0.09006262377964339,0,0.027036274099666857,2007,9
2007-09-20,0.49959181293369864,0.49588235294117644,0.5006194336328076,0.49270241648214114,0.06318740617303609,0,0.028855820007122973,2007,9
2007-09-21,0.5016035920461834,0.49753134040501446,0.5006194336328076,0.49636083565995964,0.06938495183640425,0,0.03477150049799857,2007,9
2007-09-24,0.49394522518319833,0.49177434908389583,0.4826607357115683,0.4761721382497352,0.12156916691509925,0,0.03204763976598907,2007,9
2007-09-25,0.4744008396991078,0.48068466730954673,0.4811682420766147,0.48009049773755647,0.04746404818205222,0,0.02206205880273887,2007,9
2007-09-26,0.4853635780511983,0.4814368370298939,0.47525679669895526,0.4729662077596996,0.0987074519451098,0,1.472279549460942e-05,2007,9
2007-10-25,0.36982720080859915,0.3697782063645131,0.34647313023714066,0.34735727351497064,1.0,0,0.12759298641754072,2007,10
2007-10-26,0.37433669601726055,0.3705207328833173,0.35722298635295036,0.3556561085972851,0.427700957453431,0,0.21690712320153435,2007,10
2007-10-29,0.36272280210702273,0.3700578592092575,0.36638280023021474,0.36907673052854534,0.40770969456400313,0,0.2673116127066911,2007,10
2007-10-30,0.3689816704569751,0.36520732883317264,0.36128100826236675,0.3576778665639742,0.4300329651525991,0,0.31760777493532233,2007,10
2007-10-31,0.36550236165374067,0.36824493731918995,0.362139435973974,0.36653509194185036,0.3265979950004833,0,0.35109792648321114,2007,10
2007-11-01,0.36197445915213716,0.3642044358727098,0.3571254377493587,0.36115336478290166,0.24687929054537025,0,0.38097029305424035,2007,11
2007-11-02,0.3652205182031994,0.3632979749276759,0.3636221747485685,0.3608741696351208,0.21368718579013604,0,0.39740063785793933,2007,11
2007-11-05,0.358359087993469,0.3546673095467695,0.35899837093832,0.3563107730817367,0.15538988691182087,0,0.41287672217537297,2007,11
2007-11-06,0.3499815343946197,0.3527772420443587,0.3537307463443661,0.35042842014056036,0.13872884582237546,0,0.4228920066677254,2007,11
2007-11-07,0.34262444846152346,0.3455159112825458,0.33900090720201337,0.33501492249927795,0.22507295784508383,0,0.4255424358088975,2007,11
2007-11-08,0.3343149260403911,0.3386981677917068,0.3364939080897057,0.3415808221815731,0.13821777334127067,0,0.4075623451693049,2007,11
2007-11-09,0.3315548039730208,0.34336547733847633,0.33824978295435704,0.3421295850582458,0.12215445634870112,0,0.3907781280868714,2007,11
2007-11-12,0.33422745738332654,0.345602700096432,0.3413128091071377,0.3370077982093001,0.11112819465268814,0,0.37683811971526715,2007,11
2007-11-13,0.3396505141213288,0.34810993249758926,0.34510744978685626,0.35239241359391543,0.15339979334997336,0,0.34619525464018097,2007,11
2007-11-14,0.3538398740451338,0.35386692381870777,0.3543745671280717,0.35374987965726395,0.11574575602596296,0,0.30046220546941527,2007,11
2007-11-15,0.3488541605924544,0.34919961427193835,0.33909845580560516,0.33593915471262153,0.3383079285602787,0,0.23956907759186505,2007,11
2007-11-16,0.3400101074892608,0.33646094503375124,0.3290997239374518,0.32896890343698854,0.2015640147414106,0,0.19482919785750488,2007,11
2007-11-19,0.32398390576710007,0.3305400192864031,0.3301044745544468,0.33273322422258594,0.13727485047903953,0,0.15652298969140535,2007,11
2007-11-20,0.3314576165762823,0.3372902603664416,0.31902295318642515,0.31858091845576203,0.2694012811300622,0,0.0822329321415978,2007,11
2008-01-29,0.4129686862207708,0.4343972999035679,0.41868836147610544,0.4354096466737268,0.7250376871964261,0,0.020970185165068544,2008,1
2008-01-30,0.4305984799891151,0.45105110896817746,0.43201350072673705,0.4388081255415423,0.3552207129269508,0,0.09203731049433059,2008,1
2008-01-31,0.42875191945108554,0.44664416586306643,0.43211104933032884,0.4455665736016174,0.33265359780949716,0,0.14955547333438504,2008,1
2008-02-01,0.445273776896612,0.45242044358727096,0.45036239306234327,0.45507846346394526,0.1678968902080233,0,0.20174293061815304,2008,2
2008-02-04,0.4418527805314207,0.4488621022179363,0.4391345487889341,0.43979012226821995,0.0979224258448298,0,0.2260907771262283,2008,2
2008-02-05,0.4284797947402181,0.43502410800385727,0.43396447279857187,0.43441802252816014,0.15529697886169808,0,0.24602327732745152,2008,2
2008-02-06,0.4375182226368884,0.44189971070395373,0.44007101538341487,0.4342351015692693,0.16801099192951252,0,0.2573152124322736,2008,2
2008-02-07,0.4309677920967209,0.4445515911282545,0.43618858096046353,0.4491190911716569,0.17158709159951688,0,0.2747626307359019,2008,2
2008-02-08,0.4481991175384376,0.44585342333654776,0.4472896120492035,0.44300568017714453,0.09174224178678761,0,0.28583653001526665,2008,2
2008-02-11,0.44331059148249646,0.43932497589199604,0.44137816667154417,0.44263983825936265,0.09217753320680738,0,0.2968904436959262,2008,2
2008-02-12,0.4460901510292145,0.4500482160077146,0.45080136177850616,0.4477327428516415,0.07208280453428823,0,0.30375062468187985,2008,2
2008-02-13,0.4516103951639551,0.4501446480231436,0.45239140401705147,0.44893617021276594,0.061804734181309585,0,0.301759101812596,2008,2
2008-02-14,0.4486656170427819,0.4442719382835101,0.4364617170505204,0.4294791566381054,0.10361366955828635,0,0.2875012669043251,2008,2
2008-02-15,0.42780920170272313,0.42487945998071364,0.42312682293952963,0.4245499181669395,0.1116376248197756,0,0.268783266039586,2008,2
2008-02-19,0.42571967267284777,0.43274831243973,0.4275652844029538,0.4306729565803408,0.05839607233564268,0,0.24420353623085303,2008,2
2008-02-20,0.42735242093805276,0.4300096432015429,0.42879439680820963,0.4346009434870511,0.09106873662882672,0,0.21224847407630007,2008,2
2008-02-21,0.43392228895756796,0.43502410800385727,0.43387667905533933,0.42938288244921535,0.04814959697614015,0,0.15761223689728956,2008,2
2008-02-22,0.43052073007172426,0.42626808100289293,0.421575800142421,0.42573409069028584,0.07974075838620281,0,0.1018412164360473,2008,2
2008-02-25,0.42744960833479123,0.441533269045323,0.4332328582716338,0.44344854144603824,0.09404023012416832,0,0.010757200374065107,2008,2
2008-05-08,0.38953680486714476,0.3908293153326904,0.38488777033156774,0.3821507653798016,0.17049995792547898,0,0.003785702368183763,2008,5
2008-05-09,0.3774758489319105,0.37675024108003863,0.35418922478124726,0.3647925291229421,0.5612196011585665,0,0.02899309321502594,2008,5
2008-05-12,0.36778626547709287,0.3642044358727098,0.3675241188922381,0.3671705015885241,0.15463481349099967,0,0.043522730328492965,2008,5
2008-05-13,0.35111862693645884,0.3549469623915139,0.34158594519719454,0.3424087802060268,0.6519073991408039,0,0.08365722183893612,2008,5
2008-05-14,0.34104029389468776,0.354493731918997,0.34510744978685626,0.35749494560508327,0.35934503265702317,0,0.08844162625421229,2008,5
2008-05-15,0.35645421501739655,0.3705207328833173,0.360003121555315,0.37293732550303266,0.30466481309371607,0,0.07986908839760984,2008,5
2008-05-16,0.37387019651291625,0.37098360655737705,0.3749963419273653,0.3721863868296909,0.19407412435726867,0,0.07156228822968844,2008,5
2008-05-19,0.37029370031294345,0.3766634522661524,0.3745476183508434,0.3780398575142004,0.10424697712553754,0,0.05598300525429448,2008,5
2008-05-20,0.3728594475868369,0.3704339440694311,0.3753572717606548,0.3720034658708001,0.0868304715881239,0,0.04270892915661065,2008,5
2008-05-21,0.3710323245281552,0.380771456123433,0.3782544652873294,0.37329354000192555,0.16882518865495733,0,0.03070965258957395,2008,5
2008-05-22,0.37240266682216655,0.3778399228543877,0.37223571644571907,0.379041109078656,0.07039520957334558,0,0.030429927190480405,2008,5
2008-05-23,0.3763679126090929,0.37693346190935384,0.3756401627110708,0.3708289207663426,0.0512552909883258,0,0.024438921520002932,2008,5
2008-05-27,0.36888448306023675,0.3832497589199614,0.3757377113146626,0.38517377491094634,0.08571455831606817,0,0.01266647702108381,2008,5
2008-09-26,0.3321962407914942,0.33610414657666343,0.3295386926536147,0.32916145181476847,0.1772244517721194,0,0.00703358739171378,2008,9
2008-09-29,0.324168561820903,0.32458052073288335,0.28872435691083087,0.2956484066621739,0.20162438933290455,0,0.048785309263438104,2008,9
2008-09-30,0.3042354267498591,0.3213789778206364,0.3073171207554164,0.3214787715413498,0.19123010571184304,0,0.050470902970599224,2008,9
2008-10-01,0.33329445837463795,0.3337415621986499,0.31140440724591023,0.31125445268123614,0.22741169121118002,0,0.06126931300672675,2008,10
2008-10-02,0.3079479853052656,0.31222757955641267,0.29566981748656274,0.2911716568787907,0.19633128946050454,0,0.09584397157842892,2008,10
2008-10-03,0.30016327482652044,0.2969238187078109,0.28064733253343477,0.276817175315298,0.12087298218261344,0,0.1341607253958835,2008,10
2008-10-06,0.2688203393783894,0.2695853423336547,0.23337527923287782,0.2501395975738904,0.22806236038375718,0,0.18267721913056725,2008,10
2008-10-07,0.25103504577526387,0.25980713596914173,0.2490220752489929,0.24482526234716467,0.20493646747326705,0,0.21980558430488276,2008,10
2008-10-08,0.2336968141971349,0.2630954676952748,0.2397647127681367,0.2638490420718205,0.2509350241138621,0,0.22825484120414455,2008,10
2008-10-09,0.2638443446653837,0.2645612343297974,0.2191039185274063,0.21496100895349957,0.2200335563856454,0,0.2736531233714564,2008,10
2008-10-10,0.2125682741462087,0.22006750241080036,0.17042716533512825,0.19761240011552905,0.41603176892235105,0,0.3135314065923054,2008,10
2008-10-13,0.2073979046397263,0.2504628736740597,0.21228527113634366,0.25534803119283717,0.1554716897909694,0,0.30633798842813686,2008,10
2008-10-14,0.26737224716698743,0.28413693346190927,0.25604557470759814,0.2612881486473477,0.16219070925755208,0,0.29747325051319873,2008,10
2008-10-15,0.25242482554862283,0.2543105110896817,0.22364968345478142,0.22108404736690096,0.1426345813772852,0,0.3170226809040453,2008,10
2008-10-16,0.218107955760297,0.2373866923818707,0.1928340795801508,0.23653605468373934,0.22233709730851323,0,0.3060652523106876,2008,10
2008-10-17,0.22576632262328217,0.25669238187078114,0.21863568523016597,0.2507750072205642,0.17232847907019375,0,0.2842706198470947,2008,10
2008-10-20,0.2509475771181993,0.2534715525554484,0.249929277262396,0.25534803119283717,0.11014632548661765,0,0.2591258593995166,2008,10
2008-10-21,0.2470600812486637,0.2556894889103182,0.23522870270112084,0.2331375758159237,0.0953999879250817,0,0.23494274918679833,2008,10
2008-10-22,0.2162516764825937,0.22272902603664418,0.19235609142255128,0.2036584191778184,0.1475636349758455,0,0.21661209183988414,2008,10
2008-10-23,0.13973603903045856,0.15895853423336548,0.09277847687610352,0.1399730432271108,0.8360750853455852,0,0.26137811078611306,2008,10
2008-10-24,0.09876183256555288,0.12665380906460943,0.07377600889643265,0.12489650524694335,0.6935519467051896,0,0.3080986033623211,2008,10
2008-10-27,0.10429179543996736,0.10696239151398262,0.09369543374986589,0.09109463752767882,0.29383680216122265,0,0.39597591810528154,2008,10
2008-10-28,0.10006414368184735,0.10210221793635488,0.08684752177772581,0.1072301915856359,0.413546634992425,0,0.41981383774888503,2008,10
2008-10-29,0.09894648861935584,0.11887174541947926,0.09599758079463094,0.11108115914123423,0.23662421258863411,0,0.4291028931697445,2008,10
2008-10-30,0.117480125177367,0.13634522661523624,0.1190385609629998,0.13805718686820062,0.21870820897366636,0,0.41998659406153127,2008,10
2008-10-31,0.13519738760277566,0.1515429122468659,0.13931891564972249,0.15586791181284299,0.21990248408597715,0,0.4034937269770934,2008,10
2008-11-03,0.1530993060819873,0.1553037608486017,0.14348424102308976,0.144247617213825,0.08801872488237122,0,0.4015971130942997,2008,11
2008-11-04,0.14541178299998053,0.15410800385728063,0.15072234740959684,0.15513622797727933,0.09408199182346594,0,0.39376998987295675,2008,11
2008-11-05,0.1482010612863724,0.1518225650916104,0.14571810404534058,0.14772311543275246,0.13782956158974746,0,0.37161387705074,2008,11
2008-11-06,0.1473846871537699,0.1474252651880424,0.13857754626242524,0.14271685761047465,0.16382332580162912,0,0.3727078954293366,2008,11
2008-11-07,0.1420296615934845,0.14157184185149468,0.1357974110600607,0.13685375950707618,0.15291695302888064,0,0.37833376991909173,2008,11
2008-11-10,0.13907516473263748,0.14137897782063646,0.1194190005170076,0.12086261673245402,0.13286578478053523,0,0.3580982571788356,2008,11
2008-11-11,0.10890819678504088,0.11218900675024107,0.10129446996966235,0.10378357562337537,0.13985054629620652,0,0.3306616943706836,2008,11
2008-11-12,0.09564211713025056,0.10003857280617162,0.09532449542984794,0.10041397901222682,0.12276586639572135,0,0.3272649872912561,2008,11
2008-11-13,0.10570101269267401,0.126923818707811,0.09441729341644473,0.13174160007701935,0.23806123735379106,0,0.29203280509800533,2008,11
2008-11-14,0.12193130794798529,0.12812921890067502,0.11721440207583433,0.11539424280350441,0.20162446753833396,0,0.23413001099448164,2008,11
2008-11-17,0.10751841701168197,0.10972999035679842,0.09748031956922537,0.09501299701550009,0.10033600180685825,0,0.15471062736200067,2008,11
2008-11-18,0.09166715260365038,0.10039537126325943,0.08535502814277213,0.09538846635217096,0.12078202926822554,0,0.07770018217430938,2008,11
2008-11-19,0.09019962291290062,0.0970877531340405,0.07572698096826747,0.07401559641860017,0.10469157499165549,0,0.0397682894534733,2008,11
2008-11-20,0.06862402083697788,0.07841851494696234,0.05036434403441514,0.05078463463945321,0.2510849439220148,0,0.08384654652849441,2008,11
2008-11-21,0.05292825626372771,0.06883317261330757,0.045194268044052965,0.07236930778858186,0.2015621378111051,0,0.10050510222327655,2008,11
2008-11-24,0.0723851730907536,0.08906460945033745,0.07100562855442727,0.08516414749205736,0.1403111762753507,0,0.1032837290587105,2008,11
2008-11-25,0.073327890839116,0.07823529411764707,0.05849989757396623,0.07803985751420045,0.28937291445671154,0,0.11391444902243217,2008,11
2008-11-26,0.06806033393589522,0.07286403085824489,0.06565021021724077,0.06972176759410803,0.1946268803322417,0,0.12870577100256206,2008,11
2008-11-28,0.06391043209516589,0.06991321118611377,0.06730853647830037,0.07262924809858479,0.05957791278467949,0,0.13264038542934467,2008,11
2008-12-01,0.06595136742667213,0.06453230472516874,0.05703666852009015,0.05517473765283526,0.14275611261456705,0,0.13158489186353303,2008,12
2008-12-02,0.053122631057204495,0.06130183220829316,0.05684157131290668,0.06440743236738233,0.11369536607805089,0,0.1263936950418714,2008,12
2008-12-03,0.054405504694151285,0.06762777242044354,0.05656843522284982,0.06761336285741792,0.14959423895012028,0,0.1036113821067288,2008,12
2008-12-04,0.06612630474080122,0.07421407907425265,0.0617482660735712,0.07071339173967461,0.28847613279782425,0,0.07914431607971126,2008,12
2008-12-05,0.06198612163974576,0.06945998071359688,0.05730004974978786,0.07464137864638487,0.14024094779975282,0,0.051085393478643576,2008,12
2008-12-08,0.07672944972495965,0.09554484088717452,0.07896559460751323,0.09475305670549727,0.19475263466271095,0,0.022141534776902866,2008,12
2008-12-09,0.08520419072054741,0.08859209257473477,0.08461365875547494,0.08488495234427645,0.09375305978742512,0,0.004707119213018529,2008,12
2009-03-03,0.03920539584426691,0.04484088717454193,0.0359369055631969,0.04376624626937514,0.21869553969410419,0,0.002169346299724123,2009,3
2009-03-04,0.04454098392520456,0.053076181292188995,0.04482358335040437,0.05263309906614039,0.24619835587161673,0,0.013296320052452737,2009,3
2009-03-05,0.042140455225766316,0.040906460945033696,0.0332348092437057,0.03363820159815156,0.26866505521772543,0,0.042441257404726845,2009,3
2009-03-06,0.016881450813458487,0.03213114754098356,0.013432442714582549,0.030066429190334032,0.42347262450226153,0,0.06916984563047321,2009,3
2009-03-09,0.022576632262328256,0.029016393442622912,0.0241627891096739,0.025214210070280185,0.24232069606586024,0,0.09106686857803933,2009,3
2009-03-10,0.02408303691177327,0.033317261330761794,0.02712826665886281,0.037190719168191,0.238151017186738,0,0.09790275326427281,2009,3
2009-03-11,0.034686181895931756,0.03862102217936347,0.03529308477949139,0.03791277558486572,0.1584987091411824,0,0.10425514131658895,2009,3
2009-03-12,0.03274243396116394,0.0502507232401157,0.03658072634690235,0.053903918359487824,0.19862317777439237,0,0.09771241233824621,2009,3
2009-03-13,0.050624914961027834,0.061108968177434886,0.05472476661496595,0.0649658226629441,0.22035247812672346,0,0.08417196524487067,2009,3
2009-03-16,0.05994518630823953,0.07321118611378974,0.06592334630729763,0.06815249831520165,0.17504924595889085,0,0.06686136682739516,2009,3
2009-03-17,0.06436721285983632,0.06489874638379939,0.06397237423546281,0.06605372099740059,0.1363408430357596,0,0.056507848946674294,2009,3
2009-03-18,0.06031449841584541,0.06837029893924779,0.06424551032551973,0.06889380956965441,0.16602394837941145,0,0.0434894267659684,2009,3
2009-03-19,0.06409508814896886,0.065159112825458,0.05350540907006923,0.05290266679503225,0.1733974690846117,0,0.023866811651904046,2009,3
2009-03-20,0.04915738527027813,0.054811957569913194,0.0506472349848312,0.051256378165013994,0.14988743110492697,0,0.005310503666627608,2009,3
2009-04-20,0.11628472019748476,0.12363548698167787,0.11618038687776189,0.11475883315683066,0.23097754596993345,0,0.0011001335976045246,2009,4
2009-04-21,0.10946216494644972,0.11403085824493725,0.10923492630202997,0.11730047174352559,0.1695015874138059,0,0.01022814776896347,2009,4
2009-04-22,0.1086263533344996,0.11961427193828345,0.1144147571527514,0.11803215557908925,0.14437082011531235,0,0.015667304681317523,2009,4
2009-04-23,0.11491437790347347,0.12876567020250723,0.12033595739076997,0.1221430634446905,0.24937169758023017,0,0.021295076716601247,2009,4
2009-04-24,0.12338911889906118,0.13745419479267112,0.12804229707451742,0.13931837874265912,0.22997714211709605,0,0.04307912296616209,2009,4
2009-04-27,0.12635333449958208,0.13324011571841848,0.12860807897534948,0.13174160007701935,0.13752291810108458,0,0.05383818631139761,2009,4
2009-04-28,0.1274515520827259,0.1278495660559305,0.12637421595309867,0.12781361317030904,0.15404631763479254,0,0.05228168095657634,2009,4
2009-04-29,0.12920092522401694,0.13616200578592091,0.130432237862515,0.13575623375373058,0.10423641939256906,0,0.0504762190704853,2009,4
2009-04-30,0.13538204365657863,0.13826422372227581,0.1335050188756548,0.13357080966592855,0.14680480769441323,0,0.04488959015756483,2009,4
2009-05-01,0.1297646121250996,0.13049180327868848,0.12571088544867481,0.12546452296139404,0.16204376125571643,0,0.03978965720324115,2009,5
2009-05-04,0.1270044900577293,0.13159112825458052,0.1287544018807371,0.13602580148262255,0.19033606124298458,0,0.026557602874136527,2009,5
2009-05-05,0.12900655043054016,0.13324011571841848,0.13211007384429296,0.13154905169923942,0.10074001105511951,0,0.006464721522260686,2009,5
2009-07-29,0.147559624467899,0.15602700096432015,0.1529464555714885,0.1578511601039761,0.16798690465725846,0,0.004906384630132654,2009,7
2009-07-30,0.1575213326335841,0.1553905496624879,0.1509759737789354,0.14872436699720804,0.14139541634850092,0,0.01814497925963368,2009,7
2009-07-31,0.144780064921181,0.15410800385728063,0.15116131612575967,0.15739867141619335,0.13919925148019416,0,0.03143995822534698,2009,7
2009-08-03,0.15706455186891366,0.15493731918997106,0.15422434227854032,0.15649369404062768,0.1443358622883722,0,0.03978076932826752,2009,8
2009-08-04,0.1534491807102455,0.15327868852459015,0.15757025938173697,0.1573216520650813,0.050324489967651105,0,0.041801063787803544,2009,8
2009-08-05,0.1553929286450133,0.153837994214079,0.154321890882132,0.15567536343506305,0.05826969236173827,0,0.04038585132752476,2009,8
2009-08-06,0.151544307734173,0.1495274831243973,0.15169783344551424,0.15265235390391835,0.05562470653412619,0,0.031450651425158266,2009,8
2009-08-07,0.152273213209711,0.153182256509161,0.14506452840127593,0.14554731876383942,0.21629001889130353,0,0.01045947142393333,2009,8
2009-09-28,0.21389002274185087,0.2251108968177435,0.22023548232907048,0.22420333108693558,0.19950846323515842,0,0.005184098889948224,2009,9
2009-09-29,0.22143176472874998,0.22006750241080036,0.2218157697072567,0.2213728699335708,0.28666512966929425,0,0.004577918391365704,2009,9
2010-02-02,0.2514043578828698,0.26143683702989384,0.2566991503516628,0.2643207855973813,0.14395015311058967,0,0.006743306844830765,2010,2
2010-02-03,0.26117169125507805,0.258235294117647,0.257723410689376,0.2535958409550399,0.06966367598677264,0,0.020332004581340157,2010,2
2010-02-04,0.24663245670301476,0.2464320154291224,0.2439202832811448,0.23981900452488686,0.09824627452795986,0,0.04270758866173138,2010,2
2010-02-05,0.23655412366124356,0.23463837994214076,0.23606762069200982,0.23807644170597858,0.10714495751724665,0,0.055006023465923065,2010,2
2010-02-08,0.2338814702509378,0.24122468659594987,0.24059387589866654,0.23798979493597766,0.07510544438045502,0,0.06823672612545403,2010,2
2010-02-09,0.24015977608023792,0.24324011571841853,0.2439202832811448,0.24402618657937808,0.09000819280078357,0,0.06586872990861922,2010,2
2010-02-10,0.2412579936633817,0.24955641272902596,0.24699306429428458,0.2494945605083277,0.17339676523574715,0,0.06400720701007681,2010,2
2010-02-11,0.24504830213617895,0.25612343297974927,0.2518022104513574,0.25788966977953204,0.16230692252563497,0,0.05431934168171018,2010,2
2010-02-12,0.25085038972146095,0.25147540983606553,0.2530996068791276,0.2546163473572735,0.06014349445007349,0,0.04136009944463129,2010,2
2010-02-16,0.25472816685132277,0.25999035679845706,0.26030844868455705,0.26485992105516515,0.04725492686384653,0,0.031071380167141033,2010,2
2010-05-26,0.23359962680039653,0.23261330761812926,0.2305171051476398,0.22712043901030132,0.19523140830147506,0,0.01726666809025229,2010,5
2010-05-27,0.23119909810095823,0.23243008678881394,0.233833757669759,0.23706556272263407,0.09832909407769053,0,0.02101423021081103,2010,5
2010-05-28,0.23427021983789137,0.24251687560270008,0.23947206695736156,0.24264946567825169,0.20499809335163133,0,0.021546255809810455,2010,5
2010-06-01,0.23526153128462307,0.23252651880424302,0.23032200794045632,0.22659093097140653,0.23091044571151145,0,0.02754849932562653,2010,6
2010-06-02,0.22430851167220633,0.23014464802314372,0.22837103586862156,0.23506305959372292,0.09867296335074605,0,0.029488314068540133,2010,6
2010-06-03,0.2373899352731938,0.2353616200578592,0.23679923521894786,0.23626648695484737,0.13902500978349921,0,0.02783083009585388,2010,6
2010-06-04,0.2256691352265438,0.22640308582449375,0.22023548232907048,0.21754115721575046,0.17573667168328427,0,0.03865079981776723,2010,6
2010-06-07,0.21755398759888817,0.2163355834136933,0.21671397773940865,0.21278521228458652,0.0917192493905451,0,0.05387298199812776,2010,6
2010-06-08,0.21118821311252356,0.21320154291224686,0.21328026689297946,0.21579859439684218,0.14694166719585675,0,0.05001408864331863,2010,6
2010-06-09,0.21606702042879078,0.22165863066538088,0.22014768858583794,0.2179069991335323,0.1765916134374446,0,0.04061371501492725,2010,6
2010-06-10,0.22133457733201162,0.22218900675024106,0.22598109508062392,0.225560797150284,0.12465499674821826,0,0.01755449651858007,2010,6
2010-08-25,0.15445992963632477,0.16491803278688522,0.15785315033215302,0.16764224511408493,0.20722929425230763,0,0.00753297673812417,2010,8
2010-08-26,0.16516026201722162,0.16380906460945027,0.1656960580609289,0.16361798401848465,0.1020952329411279,0,0.028319239160363996,2010,8
2010-08-27,0.1613116411063813,0.16592092574734807,0.1656960580609289,0.17028978530855876,0.08099141961310835,0,0.038245269417557626,2010,8
2010-08-30,0.16619044842264857,0.16583413693346188,0.16950045360100674,0.16590930971406564,0.06968072477038104,0,0.04494375799242417,2010,8
2010-08-31,0.1620502653215931,0.1611571841851494,0.16422307414669357,0.16262635987291807,0.12427452733420527,0,0.047966904882657896,2010,8
2010-09-01,0.16480066864928955,0.17067502410800384,0.16969555080819015,0.167459324155194,0.11896766330623151,0,0.038703078599441776,2010,9
2010-09-02,0.16857153964273913,0.17212150433944068,0.17292440958707678,0.17521902377972465,0.08188030252362663,0,0.023750031391570753,2010,9
2010-09-03,0.1755107197698602,0.1781870781099325,0.1814404026806356,0.18189082506979876,0.08250477287735605,0,0.007441222786254004,2010,9
2011-02-02,0.2776838299609307,0.2810318225650916,0.28055953879020223,0.2845768749398287,0.12998860703304554,0,0.014644707932687961,2011,2
2011-02-03,0.2800940774000427,0.28065573770491803,0.2851150585779365,0.28438432656204865,0.15266739950367708,0,0.028234964228329273,2011,2
2011-02-04,0.2826501059342624,0.2817647058823529,0.28472486416356946,0.28577067488206404,0.16637430870310685,0,0.027494042568989713,2011,2
2011-02-07,0.28385522965381854,0.28121504339440695,0.28436393433028007,0.27972465581977474,0.19292419172342556,0,0.015937283520245343,2011,2
2011-02-08,0.278684860147336,0.27954676952748314,0.28271536292957966,0.27946471550977187,0.11197664535620852,0,0.0018702016295816248,2011,2
2011-05-04,0.3348494567224522,0.33253616200578595,0.33602567479246537,0.3361894676037354,0.10846373567315637,0,0.011357586583583906,2011,5
2011-05-05,0.33136042917954395,0.3423432979749277,0.3377815496571167,0.3375758159237508,0.15301557007534938,0,0.022519425074474242,2011,5
2011-05-06,0.3438878846191226,0.3494696239151398,0.3458585740345127,0.34836815249831526,0.2256071791332899,0,0.0389400846993572,2011,5
2011-05-09,0.34602600734736716,0.34848601735776286,0.35002389940788003,0.35239241359391543,0.09603266984889772,0,0.04917626282510981,2011,5
2011-05-10,0.3532081559663342,0.36411764705882355,0.35972998546525803,0.36837392894964854,0.17234036629546198,0,0.07142741184433918,2011,5
2011-05-11,0.3636266448966898,0.3658534233365477,0.36732902168505455,0.3634254356407047,0.22519495831494205,0,0.07560035040260707,2011,5
2011-05-12,0.36114836627986086,0.3642044358727098,0.3661974578833904,0.36698758062963327,0.1351355409579039,0,0.07698447453468935,2011,5
2011-05-13,0.36567729896786977,0.36530376084860183,0.3634563421224626,0.36105709059401175,0.04715803033682452,0,0.06912289666965779,2011,5
2011-05-16,0.35864093144401027,0.3573674059787849,0.36463668022592255,0.36097044382401083,0.06184086508969067,0,0.06881799103102185,2011,5
2011-05-17,0.35681380838532867,0.35634522661523627,0.36099811731195064,0.3602195051506691,0.0786012270744694,0,0.059754964189887155,2011,5
2011-05-18,0.35808696328260153,0.358351012536162,0.36453913162233076,0.3608741696351208,0.11438122769385642,0,0.05925601756755658,2011,5
2011-05-19,0.3608859603086672,0.3573674059787849,0.3593788104923278,0.35546356021950515,0.1172559028676054,0,0.040468689660760226,2011,5
2011-05-20,0.3540245300989368,0.3520443587270975,0.35193585203827804,0.3501492249927794,0.07817015874763703,0,0.021401275547505122,2011,5
2011-08-02,0.2557291970377282,0.25980713596914173,0.2596548730404924,0.2550784634639453,0.18986401327114855,0,0.003867256789599649,2011,8
2011-08-03,0.2533383870779637,0.25421407907425264,0.25344102699169857,0.2573697891595263,0.21157180713039567,0,0.024206236180046747,2011,8
2011-08-04,0.24890664178669303,0.258235294117647,0.2521826500053652,0.24785789929719843,0.43630723034220503,0,0.04036885475875274,2011,8
2011-08-05,0.2525122942056874,0.25814850530376077,0.24465189780808294,0.25754308269952825,0.3426035963861584,0,0.0477327567069922,2011,8
2011-08-08,0.23912958967481096,0.2437126325940212,0.22696633597690052,0.22410705689804566,0.4284224807450412,0,0.09051812370550852,2011,8
2011-08-09,0.20241219118704684,0.22677917068466724,0.20900763805566125,0.22820833734475787,0.5188381238329796,0,0.11526783614942968,2011,8
2011-08-10,0.21615448908585533,0.21870781099324976,0.20474476407870223,0.2019928757100221,0.25566113462313894,0,0.15734794278453582,2011,8
2011-08-11,0.20205259781911483,0.2135679845708775,0.2030279086554876,0.2135939154712621,0.2925195881139009,0,0.17549549951142754,2011,8
2011-08-12,0.2145217408206504,0.21523625843780136,0.206247012574015,0.21797439106575528,0.303183758671809,0,0.18342658541505805,2011,8
2011-08-15,0.2199545162983264,0.21842815814850525,0.21635304790611926,0.21935111196688173,0.12034900580565827,0,0.18674119853074786,2011,8
2011-08-16,0.2140552413163061,0.21513982642237217,0.21382653907309318,0.21634735727351495,0.1552670261822393,0,0.18430095448047715,2011,8
2011-08-17,0.2163391451396583,0.21834136933461906,0.21164145035263826,0.21402714932126693,0.08597928369457464,0,0.17397109105268935,2011,8
2011-08-18,0.20041013081423603,0.19877531340405014,0.1925511886297348,0.19276980841436409,0.13899450966603466,0,0.16181195344508773,2011,8
2011-08-19,0.18591948996054192,0.20057859209257473,0.1916244768956133,0.19741985173774906,0.2417284463490421,0,0.14791502127986142,2011,8
2011-08-22,0.20333547145606157,0.20225650916104143,0.2005891935656941,0.1981707904110908,0.2123900705381691,0,0.13322498514933237,2011,8
2011-08-23,0.19607557291970373,0.21094503375120538,0.19901866104786708,0.2141234235101569,0.2121617888897613,0,0.1081598994726862,2011,8
2011-08-24,0.2080393414581997,0.21661523625843782,0.21255840722640063,0.22026571676133633,0.06291775385247766,0,0.08109528994575535,2011,8
2011-08-25,0.22077089043092896,0.22006750241080036,0.2144703598567987,0.2166169250024068,0.12353220139837565,0,0.05372486547893654,2011,8
2011-08-26,0.21247108674947035,0.2232786885245901,0.21135855940222215,0.2266775777414075,0.12800914940959593,0,0.02002405825694123,2011,8
2011-12-29,0.21461892821738876,0.21550626808100287,0.21883078243734938,0.21989987484355444,0.05483944581755799,0,0.006719354074981976,2011,12
2011-12-30,0.21588236437498787,0.22062680810028928,0.22225473842341953,0.2197265813035525,0.056046468414860405,0,0.017858502980933527,2011,12
2012-01-03,0.22714638365696732,0.2277627772420443,0.22837103586862156,0.2244728988158275,0.1261943924204549,0,0.029475290849574065,2012,1
2012-01-04,0.2196046416700682,0.21935390549662487,0.22005013998224615,0.2178203523635313,0.10945921258394181,0,0.035849908524551694,2012,1
2012-01-05,0.21321942970435592,0.21978784956605596,0.21737730824383256,0.2235486666024839,0.14605028171159778,0,0.04420503887398744,2012,1
2012-01-06,0.22077089043092896,0.2229122468659595,0.22607864368421565,0.22481948589583134,0.10023081550432023,0,0.04966865575938015,2012,1
2012-01-09,0.22217038894396174,0.2246576663452266,0.22837103586862156,0.22848753249253878,0.10589265397632378,0,0.05003771230515869,2012,1
2012-01-10,0.2303632864890081,0.23646094503375126,0.23438002984987272,0.23890439973043226,0.19277036164380307,0,0.05974822351201439,2012,1
2012-01-11,0.2336968141971349,0.23380906460945028,0.23743330114229422,0.23689226918263212,0.062342552919267914,0,0.059021384732884125,2012,1
2012-01-12,0.23581549944603192,0.233076181292189,0.23513115409752916,0.23468759025705205,0.09317019472213456,0,0.04840493656748662,2012,1
2012-01-13,0.23055766128248484,0.2309739633558341,0.23503360549393737,0.2345142967170501,0.05105133122846026,0,0.029536846119610993,2012,1
2012-01-17,0.23683596711178495,0.24038572806171643,0.2391013822637129,0.2358910176181766,0.08450909982735369,0,0.006621706563689045,2012,1
2012-01-30,0.2785002040935331,0.2859691417550627,0.2816033088486338,0.28850486184653895,0.16529648147516712,0,0.006772592475017436,2012,1
2012-01-31,0.2883938810815014,0.2896528447444552,0.28880239579370426,0.28669490709540774,0.11925139260408127,0,0.02219566583188967,2012,1
2012-02-01,0.2834761988065388,0.2894406943105111,0.2879049486406602,0.28760951188986233,0.1816207699856321,0,0.03519959446930401,2012,2
2012-02-02,0.2863529457499951,0.2893442622950819,0.2923531649644435,0.29225955521324726,0.11469107760512454,0,0.042404633071276676,2012,2
2012-02-03,0.295663498357533,0.2995178399228543,0.3012300878912918,0.30276306922114177,0.13184027698486162,0,0.057056621079294184,2012,2
2012-02-06,0.2997259315411977,0.300433944069431,0.303259098846,0.3035043804755945,0.09864066450840536,0,0.0661710795970937,2012,2
2012-02-07,0.2993566194335919,0.29785920925747345,0.3013276364948836,0.30139597573890436,0.057365715803346505,0,0.06999276353427544,2012,2
2012-02-08,0.30073668046727703,0.3026133076181292,0.3042833591837133,0.30239722730336,0.11078393435248565,0,0.07614553936851134,2012,2
2012-02-09,0.3005423056738002,0.2972999035679845,0.28908528674412026,0.2892365456821026,0.22854183787138585,0,0.07037534341839588,2012,2
2012-02-10,0.2842342605010983,0.282854387656702,0.28271536292957966,0.2875132377009724,0.190466586104647,0,0.05942263525802752,2012,2
2012-02-13,0.2863529457499951,0.2909257473481195,0.29326036697784674,0.29125830364879174,0.10381778572901068,0,0.04593041051774954,2012,2
2012-02-14,0.2906777849048536,0.29145612343297966,0.29557226888297095,0.2961875421199576,0.14209081902669277,0,0.0310473604576052,2012,2
2012-02-15,0.2953816549069917,0.2932883317261331,0.2959429535766196,0.29408876480215657,0.08655104358889096,0,0.013454048259914753,2012,2
2012-08-02,0.26896612047349694,0.2666248794599807,0.2657614156253353,0.26415711947626835,0.09017148573736303,0,0.00989174115893876,2012,8
2012-08-03,0.2698213695647948,0.27526518804243005,0.27562357944846017,0.27398671416193315,0.10483117168312786,0,0.015910010187668244,2012,8
2012-08-06,0.273980990145198,0.2821022179363548,0.2802864027001454,0.28095696543756615,0.09438363016464746,0,0.012779759138841107,2012,8
2012-08-07,0.28327210527338814,0.29166827386692373,0.2893974422756138,0.2924328487532492,0.08789492568763688,0,0.008276539986674714,2012,8
2012-08-08,0.29032791027659527,0.2907521697203471,0.2932311023967692,0.292991239048811,0.045465430228400515,0,0.0034215914825181104,2012,8
2012-08-09,0.28967675471844806,0.29000000000000004,0.29519182932896315,0.29124867622990275,0.020760100465822814,0,0.0,2012,8
2012-09-18,0.34418916554901163,0.3444165863066537,0.3503165452186553,0.34906132665832285,0.0657616160870445,0,0.009556461966258895,2012,9
2012-09-19,0.3474643808190954,0.349450337512054,0.35348687483538677,0.34858958313276217,0.09824298989992522,0,0.018922848573466544,2012,9
2012-09-20,0.34502497716096175,0.3440501446480231,0.3477900363856292,0.34507557523827864,0.028188912409606255,0,0.020901467041570393,2012,9
2012-09-21,0.3469201313973604,0.3490935390549662,0.3523455561733634,0.3514296717050159,0.082375108275417,0,0.020142442239834385,2012,9
2012-09-24,0.34819328629463336,0.34856316297010603,0.35271624086701203,0.35227688456724754,0.07705471470815767,0,0.017431993939736906,2012,9
2012-09-25,0.3535483118549186,0.35253616200578586,0.35356491371826015,0.34756907673052856,0.07493354884664197,0,0.006176257411568742,2012,9
2012-10-23,0.3076564231150504,0.30498553519768556,0.3095900032191039,0.30416867237893513,0.08804382882520742,0,4.7598600961679116e-05,2012,10
2012-10-24,0.30615001846560536,0.30545805207328824,0.3089461824353985,0.3054683739289496,0.054085701889036504,0,0.004592949858436668,2012,10
2013-01-18,0.40842031605341417,0.4070202507232401,0.41015285866182827,0.411649176855685,0.10184325504761305,0,0.0142859746344699,2013,1
2013-01-22,0.41169553132349795,0.41296046287367405,0.4173909650483354,0.4175796668913064,0.046998022028279705,0,0.03740667446602178,2013,1
2013-01-23,0.4152234338251016,0.41397299903567986,0.4191468399129866,0.41627033792240303,0.03627738715034743,0,0.05062724310347186,2013,1
2013-01-24,0.414776371800105,0.41990356798457085,0.42075639187225033,0.41922595552132474,0.08940663663786724,0,0.059697191577481906,2013,1
2013-01-25,0.42206542655548435,0.4217550626808101,0.4257118609347107,0.42559930682583996,0.04457271525184182,0,0.06528316010552312,2013,1
2013-01-28,0.424378486597858,0.4225747348119575,0.42983816686664134,0.4247809762202754,0.014637006371239922,0,0.06505328309358424,2013,1
2013-01-29,0.42483526736252847,0.42831243972999034,0.43036492932603676,0.42837200346587073,0.03642214540015997,0,0.04961624267686113,2013,1
2013-01-30,0.4238147996967753,0.4203471552555449,0.42459980685376497,0.41922595552132474,0.07018952929403333,0,0.031032069263245643,2013,1
2013-01-31,0.4141252162419577,0.4174927675988428,0.4054705256894249,0.42079522480023107,0.1308085909602657,0,0.016697431073706498,2013,1
2013-02-01,0.41989814760821825,0.4193346190935391,0.4161716075034386,0.4103687301434486,0.10607706237884024,0,0.002098146534492834,2013,2
2013-05-14,0.4714657803176084,0.47737704918032786,0.4790611922390331,0.4809569654375661,0.042381086298440056,0,0.014466492821884447,2013,5
2013-05-15,0.4773553365599548,0.4808968177434908,0.4841239647654444,0.4818908250697988,0.057769412229890175,0,0.025446273556878535,2013,5
2013-05-16,0.47548933854257786,0.4808003857280616,0.48272901973408244,0.4784538365264272,0.04620322024932517,0,0.025268424499406583,2013,5
2013-05-17,0.4744494333974771,0.4730183220829315,0.4770712007257616,0.4758736882641765,0.08077690212027433,0,0.024985843679014547,2013,5
2013-05-20,0.47425505860400013,0.4792478302796528,0.4800854525767463,0.48021565418311346,0.04354650360730363,0,0.018462428952004728,2013,5
2013-05-21,0.48258401850448024,0.48415621986499513,0.4875186561704369,0.48207374602868963,0.04342810058719764,0,0.016820982013391605,2013,5
2013-05-22,0.4823118937936129,0.4860173577627771,0.47484709256387003,0.47142582073746025,0.04705589404603296,0,0.005654872392396315,2013,5
2013-07-18,0.4899605419169241,0.4913886210221793,0.4968638123945257,0.495234427649947,0.04496366419339389,0,0.020112935439528107,2013,7
2013-07-19,0.49531556747720956,0.5174349083895854,0.500082916313053,0.5180706652546452,0.1531142653272475,0,0.06832302436084184,2013,7
2013-07-22,0.5108655509553521,0.5147348119575699,0.514656677689659,0.5167035717724078,0.04205364016555776,0,0.1040400072146678,2013,7
2013-07-23,0.516308045172702,0.5129701060752169,0.51617843590569,0.516511023394628,0.06950671768997427,0,0.1266285450905638,2013,7
2013-07-24,0.5169786382101969,0.5126904532304725,0.5175636260766928,0.5122268219890247,0.03562570130718811,0,0.13670950101999732,2013,7
2013-07-25,0.5120998308939297,0.5113886210221793,0.5075161199067436,0.5016462886300184,0.08484694728234568,0,0.1351508631244104,2013,7
2013-07-26,0.499154469648376,0.5125361620057859,0.5058968130871206,0.5163281024357369,0.037544002284849824,0,0.13807102691927067,2013,7
2013-07-29,0.5108655509553521,0.5074059787849565,0.510793752987426,0.5083373447578705,0.06288490757213122,0,0.1299249905213453,2013,7
2013-07-30,0.5080568351896126,0.506268081002893,0.5082477344336815,0.502464619235583,0.011873852139810036,0,0.1140212163537557,2013,7
2013-07-31,0.5055979940521313,0.5074059787849565,0.5112814960053848,0.5070280157889668,0.045954683394703745,0,0.10313183272479673,2013,7
2013-08-01,0.5113417691993702,0.5144455159112825,0.5143737867392428,0.516231828246847,0.049111836579432154,0,0.08563743166724655,2013,8
2013-08-02,0.5112445818026319,0.5078495660559306,0.5168320115497547,0.5118706074901318,0.03985794452982739,0,0.06721789652314783,2013,8
2013-08-05,0.5082512099830894,0.5115814850530376,0.5143737867392428,0.5113025897756811,0.01734737193782731,0,0.049425048338982314,2013,8
2013-08-06,0.5100977705211187,0.506268081002893,0.5086379288480486,0.5025512660055838,0.048855635592729894,0,0.021169922267958663,2013,8
2013-10-18,0.5517522887631932,0.5604725168756026,0.5581438451708565,0.5598151535573312,0.07945921884037616,0,0.017515642544084026,2013,10
2013-10-21,0.5595369992419383,0.5556123432979749,0.5618897115487792,0.5539328006161548,0.030807699418370575,0,0.03116779881000903,2013,10
2013-10-22,0.5554162536202305,0.5587463837994213,0.5578511993600812,0.5576489843073074,0.061442408426916555,0,0.044533263503992615,2013,10
2013-10-23,0.5581472194685793,0.5645612343297975,0.5628456878639783,0.5686434966785405,0.06122961145352924,0,0.054197381065284184,2013,10
2013-10-24,0.48785157540770113,0.548678881388621,0.48936232477832087,0.5291710792336575,0.18922718645957454,0,0.044482052560082225,2013,10
2013-10-25,0.5239372558166657,0.5367695274831243,0.5317276833182134,0.5408202560893425,0.09803332114371374,0,0.03495153415833352,2013,10
2013-10-28,0.5360468054502692,0.5520732883317261,0.5419020026728317,0.5521709829594685,0.10677809584794862,0,0.025291227186349824,2013,10
2013-10-29,0.5533558808093766,0.5527097396335584,0.5569927716484738,0.5546741118706073,0.05315607394980274,0,0.014805552476272382,2013,10
2013-10-30,0.5567380022158728,0.554281581485053,0.5606801088642416,0.5529893135650332,0.06207501214530318,0,0.004479196100741156,2013,10
2014-04-24,0.7346784069041925,0.7405978784956606,0.6858154575517251,0.6851834023298353,0.9626894409218981,0,0.060430366164269694,2014,4
2014-04-25,0.6779695609073415,0.686595949855352,0.6762654492600938,0.6719457013574661,0.3650925842796451,0,0.09195628315592672,2014,4
2014-04-28,0.6721285983633642,0.667367405978785,0.6542877488708749,0.6524020410128044,0.2371439658724019,0,0.1031447324311058,2014,4
2014-04-29,0.6580169883569498,0.6564995178399228,0.6567264639606684,0.6473476460960816,0.09515536134193009,0,0.11057432349306437,2014,4
2014-04-30,0.6458491262853032,0.6431051108968178,0.6444158301873909,0.6369692885337441,0.11918953210942879,0,0.1131461444463375,2014,4
2014-05-01,0.6404552257663225,0.6455351976856316,0.6472447396915514,0.6435063059593722,0.12148126401245782,0,0.11601765715652404,2014,5
2014-05-02,0.64604350107878,0.6464513018322082,0.6515076136685104,0.6492153653605468,0.16729900970028866,0,0.11665210424785685,2014,5
2014-05-05,0.6405524131630609,0.6543394406943105,0.6424258386741194,0.6578126504284201,0.16634724962453573,0,0.1262923434210992,2014,5
2014-05-06,0.6572492079227166,0.6692767598842816,0.6590286110054335,0.66749783383075,0.24846646973496808,0,0.1425044957231494,2014,5
2014-05-07,0.6698738507590336,0.6650241080038573,0.666013091022602,0.66720901126408,0.07383663949392955,0,0.15425363834580783,2014,5
2014-05-08,0.6707776935487006,0.6756894889103182,0.6666959312477443,0.6612785212284586,0.10074345209401295,0,0.16284433883140023,2014,5
2014-05-09,0.6610492351351875,0.6659980713596914,0.6573117555822189,0.6667565225762973,0.1351651808156451,0,0.16552008792024422,2014,5
2014-05-12,0.6745680020214979,0.6752169720347155,0.6757972159628535,0.6751901415230577,0.07452750625721641,0,0.16223978316690377,2014,5
2014-05-13,0.6828775244426304,0.680433944069431,0.681708661340513,0.6787330316742082,0.10916758453772302,0,0.1650546341330014,2014,5
2014-05-14,0.6856862402083699,0.680433944069431,0.682723166817867,0.6755752382786175,0.09698051965318083,0,0.15919005312732246,2014,5
2014-05-15,0.686580364258363,0.6812921890067501,0.6752216792016622,0.6683835563685376,0.1533379328553209,0,0.13739392000829212,2014,5
2014-05-16,0.6683577273699146,0.6726518804243009,0.6766849082555384,0.6726196206796957,0.0968417832214318,0,0.10350175762726768,2014,5
2014-05-19,0.6779695609073415,0.6876567020250723,0.6845668354257509,0.6854722248965051,0.09575089568678288,0,0.07494856732513053,2014,5
2014-05-20,0.6835481174801252,0.6849951783992284,0.6883517212451105,0.681419081544238,0.07059095776312452,0,0.02727031714518105,2014,5
2014-06-05,0.7227243571053705,0.7308582449373191,0.7312535971047575,0.7319726581303554,0.043274583329292717,0,0.013990722778044029,2014,6
2014-06-06,0.7341924699205007,0.7343297974927676,0.7410084574639314,0.7340906902859343,0.049231881913555466,0,0.02387847853725103,2014,6
2014-06-09,0.7405096507084961,0.7342333654773385,0.7368138675094867,0.7304322711081159,0.027827446914936584,0,0.028442372918314668,2014,6
2014-06-10,0.7290415378933659,0.7262295081967214,0.7306683054832069,0.7284105131414267,0.023452635194507847,0,0.03253856199129787,2014,6
2014-06-11,0.7292359126868426,0.7226615236258438,0.7287173334113723,0.7214787715413498,0.014913540769585218,0,0.031733766160141424,2014,6
2014-06-12,0.724862479833615,0.7188042430086788,0.722766868592276,0.7168576104746318,0.08140059041970976,0,0.025095977259936175,2014,6
2014-06-13,0.7238906058662313,0.7189971070395371,0.7256933267000284,0.7192644651968807,0.028912078015233787,0,0.01058994608125799,2014,6
2014-08-07,0.6425933484945672,0.6381774349083896,0.6318320603240565,0.6249061326658323,0.10547480236705939,0,0.012129696776027349,2014,8
2014-08-08,0.629803487083795,0.6287849566055931,0.6290714348424102,0.6321266968325792,0.07479895730265093,0,0.023981954446834958,2014,8
2014-08-11,0.6383268217777518,0.6361427193828352,0.639996878444685,0.6343698854337152,0.03503657980754583,0,0.03104068754913536,2014,8
2014-08-12,0.6343518572511515,0.6375216972034716,0.6392262444763104,0.6380186771926446,0.08985483195373742,0,0.03376564159429829,2014,8
2014-08-13,0.6417478181429432,0.6442044358727097,0.646444841142099,0.6471262154616348,0.047895429330602195,0,0.027772780441831763,2014,8
2014-08-14,0.648832779365172,0.6471938283510126,0.6544438266366217,0.648541446038317,0.07958536419799236,0,0.028978693847489634,2014,8
2014-08-15,0.6514762765564561,0.6472902603664417,0.6470106230429312,0.6452584961971695,0.05893162311614852,0,0.021821418860763775,2014,8
2014-08-18,0.6507376523412445,0.6582642237222758,0.658999346424356,0.6623953018195823,0.09271808913479457,0,0.01606600592463392,2014,8
2014-08-19,0.6670845724726417,0.6665573770491803,0.6735048237784476,0.6683835563685376,0.04066502456119716,0,0.0057484814219763425,2014,8
2014-09-16,0.711644993877194,0.7133076181292188,0.7147678830977535,0.7153172234523923,0.044020584920303966,0,0.006583143779517298,2014,9
2014-09-17,0.7171846754912823,0.713404050144648,0.7129144596295105,0.7060749013189562,0.06440248392956632,0,0.010447262106851013,2014,9
2014-09-18,0.7108674947032869,0.7051108968177435,0.7130120082331021,0.7087705786078751,0.0813555440923775,0,0.013304172041054635,2014,9
2014-09-19,0.7152409275565144,0.71099324975892,0.7122316194043682,0.7062674496967363,0.06470310560016568,0,0.016005970554939353,2014,9
2014-09-22,0.7042587517250762,0.7018322082931533,0.7078419322427401,0.7034754982189275,0.04638809788441801,0,0.010950645716122392,2014,9
2014-09-23,0.6918187649425622,0.696914175506268,0.6990040287573284,0.6915374987965726,0.07640224681070437,0,0.007189115117714667,2014,9
2014-09-24,0.6953175112251444,0.7041465766634523,0.7013061758020934,0.7049196110522769,0.06655188195109407,0,0.006410202260552167,2014,9
2014-10-16,0.6348863879332127,0.639016393442623,0.6407284929716232,0.6328487532492539,0.10765532614948686,0,0.008168160589066664,2014,10
2014-10-17,0.6469376251287733,0.6472999035679846,0.6489908596958435,0.6475883315683066,0.03799931429479505,0,0.013926341946618487,2014,10
2014-10-20,0.649678309716796,0.6597299903567985,0.6534683406007042,0.6632713969384807,0.053127059735496716,0,0.008699232350166286,2014,10
2014-10-21,0.6694948199117539,0.6801446480231436,0.6776311297103782,0.6832482911331472,0.04717648681816205,0,0.006473211682398283,2014,10
2014-10-23,0.7057165626761521,0.7258437801350048,0.7065738003960473,0.7139693848079329,0.10091683353098452,0,0.013844093446290062,2014,10
2014-10-24,0.7163099889206368,0.7185149469623916,0.7246202920605193,0.7208048522191199,0.01083160838224561,0,0.035285484171321935,2014,10
2014-10-27,0.7220440453282018,0.722082931533269,0.7262786183215788,0.7178203523635314,0.010900038132967374,0,0.05137588660102996,2014,10
2014-10-28,0.7261259159912143,0.7453230472516874,0.7312535971047575,0.7468951574082989,0.10120580259260384,0,0.09282657607006253,2014,10
2014-10-29,0.7495480786051665,0.7509161041465766,0.754665261966775,0.7473765283527487,0.0738836409569967,0,0.12573348533495873,2014,10
2014-10-30,0.7482846424475673,0.756702025072324,0.7526167412913484,0.7581592375084241,0.02794678840019533,0,0.16324406421043627,2014,10
2014-10-31,0.7710264932843507,0.7729026036644164,0.7766136977749164,0.776451333397516,0.08396643235277279,0,0.2121126621341535,2014,10
2014-11-03,0.778801485023422,0.7746383799421408,0.7717362675953295,0.7687493982863194,0.028110003131345394,0,0.24502912211964364,2014,11
2014-11-04,0.7686939957626295,0.7667309546769527,0.7662735457941919,0.7574853181861942,0.046601911528387475,0,0.26317428702041634,2014,11
2014-11-05,0.7721927420452115,0.7710703953712632,0.771150975973779,0.7740444786752672,0.060711578689208186,0,0.2912501092345532,2014,11
2014-11-06,0.7766633622951775,0.7734811957569914,0.7778818296216089,0.7666313661307405,0.024296158955976283,0,0.30805251676049716,2014,11
2014-11-07,0.7660699360506928,0.7610414657666345,0.7553481021919172,0.7476653509194187,0.03134575277261709,0,0.3104340883094133,2014,11
2014-11-10,0.754407448442086,0.7656702025072324,0.7590549491284032,0.7688456724752095,0.029128472438373333,0,0.3087522341542024,2014,11
2014-11-11,0.7723871168386882,0.7747348119575699,0.7743700798923064,0.7748146721863869,0.010397255427378592,0,0.29514573216575724,2014,11
2014-11-12,0.7751083639473633,0.7703953712632594,0.778954864261118,0.7730817367863676,0.027598774239381806,0,0.27275952796076564,2014,11
2014-11-13,0.779287422007114,0.7723240115718419,0.7777842810180172,0.7706748820641187,0.029903175421973037,0,0.21890446200168703,2014,11
2014-11-14,0.7739421151865025,0.768659594985535,0.7741749826851229,0.7659574468085106,0.02116129431862581,0,0.16393500649139062,2014,11
2014-11-17,0.7687911831593679,0.76923818707811,0.7760284061533659,0.7712525271974584,0.042150771308867956,0,0.11433575955812805,2014,11
2014-11-18,0.7700546193169668,0.7791706846673094,0.7776867324144255,0.7786656397419851,0.02003505792988977,0,0.07916999557261248,2014,11
2014-11-19,0.7788986724201605,0.7727097396335583,0.7804180933149943,0.7700972369307788,0.006411672129055225,0,0.003949288245178095,2014,11
2015-01-07,0.8283670573600015,0.8531340405014465,0.8357281515515106,0.8484644266872052,0.08180366120281826,0,0.019922554888554905,2015,1
2015-01-08,0.8532470309250295,0.8626808100289296,0.8619687259176886,0.86040242610956,0.07751565750901943,0,0.059081656576522784,2015,1
2015-01-09,0.8462495383598654,0.8523625843780136,0.8497751504687211,0.844132088187157,0.13477391905237543,0,0.06825340612114203,2015,1
2015-01-12,0.8477073493109413,0.8454194792671168,0.8515310253333724,0.8467314912871859,0.044991427120829576,0,0.0818605729003504,2015,1
2015-01-13,0.8551907788597972,0.8635486981677918,0.8519212197477394,0.8491383460094348,0.09395107593465654,0,0.08551618045791817,2015,1
2015-01-14,0.8355589247186423,0.8351976856316297,0.8333869850653087,0.8343121209203812,0.048259006371865566,0,0.06819684515924937,2015,1
2015-01-15,0.8379886096371021,0.8344262295081968,0.8257781939851531,0.8138057186868202,0.08741286742083812,0,0.023623587468181745,2015,1
2015-01-16,0.8158298831807489,0.8297010607521695,0.8247051593456439,0.8325791855203619,0.06346918033515092,0,0.008197634715718799,2015,1
2015-01-20,0.8430423542674985,0.8419479267116683,0.8244125135348687,0.8222778473091366,0.039155737979278064,0,0.006843970690612905,2015,1
2015-01-21,0.8237992497132971,0.824397299903568,0.8253879995707861,0.8221815731202464,0.016253356186002536,0,0.005238088169824906,2015,1
2015-01-22,0.8290473691371703,0.8422372227579558,0.8334845336689006,0.8454799268316164,0.021734540116100647,0,0.010177647185454802,2015,1
2015-01-23,0.8475129745174645,0.8432979749276761,0.8445075258747671,0.8323866371425821,0.011486422442580788,0,0.0009403641106905947,2015,1
2015-01-30,0.7884230373005228,0.8065573770491803,0.7969038073219982,0.7864638490420719,0.12002398404108727,0,0.009590839353096514,2015,1
2015-02-18,0.8699632631640328,0.862873674059788,0.8712358432589039,0.8637720227207086,0.05360911800229549,0,0.014020453820855372,2015,2
2015-02-19,0.8657842051042819,0.8632594021215043,0.872308877898413,0.8628092808318091,0.02249899818844943,0,0.027483401898516863,2015,2
2015-02-20,0.8635488949792991,0.8729026036644165,0.8701628086193948,0.8758062963319535,0.049490820090286596,0,0.04808825941906841,2015,2
2015-02-23,0.879682002837872,0.8719382835101255,0.8806005092037107,0.8732068932319246,0.026439222337722952,0,0.06550218747182154,2015,2
2015-02-24,0.8757945069683362,0.8743490838958534,0.8803078633929357,0.8774429575430829,0.030392428588276253,0,0.08350382325790454,2015,2
2015-02-25,0.8784185666802728,0.8734811957569912,0.8779666969067338,0.8658900548762878,0.04373810690932455,0,0.09024825545920481,2015,2
2015-02-26,0.8696717009738177,0.870106075216972,0.8725039751055964,0.8733994416097044,0.011187364880569359,0,0.09258615808105089,2015,2
2015-02-27,0.8739479464303068,0.8699132111861136,0.8766010164564494,0.8646384904207183,0.020678610408391876,0,0.07081848995458548,2015,2
2015-03-02,0.8712266993216318,0.8714561234329798,0.8756255304205319,0.8739770867430443,0.0661755574248391,0,0.040010757957160775,2015,3
2015-03-03,0.8758916943650747,0.8690453230472517,0.8613834342961381,0.8540483296428227,0.03469153745304936,0,0.01513887824728416,2015,3
2015-03-04,0.8586895251423796,0.85602700096432,0.8565060041165512,0.8513526523539039,0.04695735520499363,0,0.008521702486171678,2015,3
2015-03-17,0.8410014189359922,0.8335583413693346,0.8234370274989514,0.8186194281313182,0.1927465871932666,0,0.004433360690767413,2015,3
2015-03-18,0.8210780026046223,0.8583413693346191,0.8252904509671944,0.855588716665062,0.14990025679534796,0,0.0026034161847100223,2015,3
2015-03-19,0.8520807821641689,0.8475409836065573,0.8572863929452851,0.8494271685761048,0.06459095901441139,0,0.0006671110932778002,2015,3
2015-05-01,0.7732618034093337,0.7752169720347155,0.7755406631354073,0.7727929142196976,0.07770452362101149,0,0.0156074117580354,2015,5
2015-05-04,0.7784127354364685,0.7801350048216007,0.7842224888550721,0.7751034947530566,0.0684722944753495,0,0.04036012650227824,2015,5
2015-05-05,0.7781211732462534,0.7729026036644164,0.7762235033605495,0.7735631077308174,0.13382395770149863,0,0.06352862140515195,2015,5
2015-05-06,0.779773358990806,0.777145612343298,0.7731019480456137,0.7697121401752189,0.11811342540093578,0,0.08536198048570623,2015,5
2015-05-07,0.7752055513441016,0.777145612343298,0.7810033849365446,0.7784730913642053,0.09806217894716099,0,0.09321114631006786,2015,5
2015-05-08,0.7924077205667968,0.7939247830279652,0.7965136129076312,0.7965726388755174,0.06423152686090602,0,0.08887779713921476,2015,5
2015-05-11,0.7960036542461173,0.8001928640308582,0.8029518207446861,0.7986906710310966,0.07739287498486724,0,0.08758884792302077,2015,5
2015-05-12,0.7954205298656869,0.7924783027965283,0.7957332240788973,0.7897371714643304,0.12685037956223102,0,0.08865376288324503,2015,5
2015-05-13,0.7988220887515305,0.7923818707810995,0.7988547793938331,0.7881005102532013,0.04079367249255406,0,0.09007312997285102,2015,5
2015-05-14,0.7997939627189146,0.8013500482160076,0.8027567235375025,0.804563396553384,0.06609320710768482,0,0.08845651397830148,2015,5
2015-05-15,0.8073745796645091,0.8023143683702989,0.8091949313745576,0.8008087031866757,0.027263116536412918,0,0.0881927507774726,2015,5
2015-05-18,0.8057223939199565,0.8099324975891995,0.8122189380859012,0.8112063155867912,0.012491205799464382,0,0.0848624925643773,2015,5
2015-05-19,0.8137889478492428,0.811861137897782,0.8181694029049974,0.8117839607201309,0.021167081520401136,0,0.07401868860474639,2015,5
2015-05-20,0.8154411335937954,0.8133076181292189,0.8199252777696487,0.8117839607201309,0.0,0,0.061126639973158786,2015,5
2015-05-21,0.8120395747079519,0.8096432015429122,0.8197301805624654,0.8129392509868105,0.011374901500261672,0,0.03694028449224426,2015,5
2015-05-22,0.812622699088382,0.8090646094503375,0.8132919727254103,0.8063926061422932,0.04559282687288708,0,0.0036786138683946312,2015,5
2015-07-08,0.7601415048496512,0.7601735776277725,0.7603230809750959,0.7512274959083471,0.05467928109815438,0,0.0019671254424794282,2015,7
2015-07-09,0.7642233755126633,0.7619093539054966,0.7514461580482475,0.7409261576971213,0.06400480932108615,0,0.019956106994552525,2015,7
2015-07-10,0.7530468248877484,0.756702025072324,0.7504706720123301,0.7406373351304516,0.11571807130395667,0,0.02921515324439533,2015,7
2015-07-13,0.7475071432736602,0.752073288331726,0.7545677133631833,0.7482429960527583,0.04131248731116908,0,0.03728817295383377,2015,7
2015-07-14,0.7556708845996851,0.7500482160077147,0.7547628105703666,0.7461249638971792,0.028472172474879633,0,0.04588909912234654,2015,7
2015-07-15,0.7531440122844868,0.7477338476374156,0.7536897759308575,0.7435255607971503,0.04061450385380715,0,0.050752870059994265,2015,7
2015-07-16,0.7531440122844868,0.7496624879459981,0.7572015256601602,0.7495908346972178,0.04759339996227369,0,0.049946445267991996,2015,7
2015-07-17,0.7456605827356306,0.7482160077145612,0.7527142898949403,0.7470877057860787,0.03576498517694291,0,0.04287821255257668,2015,7
2015-07-20,0.7510058895562421,0.7509161041465766,0.7579819144888941,0.7520939636083566,0.0479122434979224,0,0.0351429113676221,2015,7
2015-07-21,0.7550877602192547,0.754291224686596,0.7556407480026924,0.7543082699528256,0.04505070683631197,0,0.018051714836875593,2015,7
2015-07-22,0.7563511963768539,0.7577627772420443,0.7613961156146051,0.7570039472417445,0.08071128776501083,0,0.003139562699114945,2015,7
2015-08-07,0.6954146986218825,0.6901639344262295,0.6900880863890434,0.6926927890632522,0.07826431808463016,0,0.0076596793165539245,2015,8
2015-08-10,0.7041615643283379,0.7061716489874639,0.7055007657565382,0.7086743044189854,0.061071636486148724,0,0.011112677515995817,2015,8
2015-08-11,0.7074659358174433,0.7133076181292188,0.71232916800796,0.7157985943968421,0.09948254595585648,0,0.010437196716046399,2015,8
2015-08-12,0.7085349971815655,0.7069431051108969,0.7029645020631531,0.7110811591412343,0.08985365887229649,0,0.011451301754124565,2015,8
2015-08-13,0.7326374715726862,0.7743490838958533,0.7191575702593818,0.7176278039857513,0.06678665465014175,0,0.0059095655107571365,2015,8
2015-08-25,0.7206834217738645,0.7151398264223722,0.6677982304683309,0.6576971214017522,0.08403509671978274,0,0.013215076171615325,2015,8
2015-08-26,0.6703792252220733,0.6830954676952748,0.6677982304683309,0.6859247135842881,0.06854025499349486,0,0.0092977653259331,2015,8
2015-08-27,0.6874453320893346,0.704725168756027,0.695453259586589,0.7084817560412053,0.08236924286821229,0,0.007248623676365834,2015,8
2015-08-28,0.7067856240402743,0.7146576663452266,0.7026718562523778,0.7177240781746415,0.08390746545900798,0,0.007769346375585795,2015,8
2015-08-31,0.7126168678445779,0.7184185149469624,0.7196453132773405,0.7099258688745547,0.09453229868592983,0,0.006921396661455831,2015,8
2015-09-01,0.6952203238284058,0.6979749276759883,0.6875908421370949,0.6824877250409165,0.09225268862445721,0,0.015468119477503733,2015,9
2015-09-02,0.6877368942795499,0.6878495660559305,0.6896978919746765,0.6917300471743526,0.06795027323412922,0,0.018115436814003072,2015,9
2015-09-03,0.6954146986218825,0.70549662487946,0.6972774184737545,0.6959661114855107,0.066874322936495,0,0.01695392902436582,2015,9
2015-09-04,0.6836355861371897,0.6852844744455159,0.6871030991191361,0.6806585154520073,0.09789591420426447,0,0.022876990716531653,2015,9
2015-09-08,0.6972612591599121,0.6978784956605594,0.6997844175860622,0.7015500144411282,0.0631281264575537,0,0.023070329878259743,2015,9
2015-09-09,0.7101871829261182,0.7100289296046287,0.695170368636173,0.6879175892943101,0.08446553940317997,0,0.025420424382049084,2015,9
2015-09-10,0.6676968530720937,0.6814850530376085,0.6713294899183518,0.6773274285164148,0.09360744127788923,0,0.03306493276967892,2015,9
2015-09-11,0.6824984935953506,0.6770491803278688,0.6836011042501927,0.6781746413786462,0.0719275667569366,0,0.036770186098491364,2015,9
2015-09-14,0.6715065990242386,0.6753134040501446,0.6731438939451583,0.667218638682969,0.08225756551503435,0,0.03900324511863812,2015,9
2015-09-15,0.6788345287383133,0.6999035679845709,0.6781286275886961,0.6760854914797343,0.0458161033738135,0,0.02493796166924886,2015,9
2015-09-16,0.6803700896067797,0.6817454194792671,0.6772506901563704,0.6833445653220371,0.05619365103298423,0,0.007284509223519309,2015,9
2015-09-24,0.6450035959336793,0.6493153326904533,0.6406211895076722,0.6349282757292769,0.07066009136271084,0,0.013396444735039953,2015,9
2015-09-25,0.6409994751880577,0.6431533269045322,0.6255011559509526,0.6237797246558199,0.09055500516312245,0,0.03830828068408604,2015,9
2015-09-28,0.6230684004898246,0.6179845708775312,0.6017675806970824,0.6066429190334073,0.11970905077690838,0,0.06534094503306451,2015,9
2015-09-29,0.6062355433747351,0.6196817743490839,0.6131905221776751,0.6197073264657746,0.1469442479750268,0,0.07201923370219657,2015,9
2015-09-30,0.6284331447897837,0.6260462873674059,0.6229746471179266,0.6210359102724559,0.12020948731961528,0,0.08737362196036227,2015,9
2015-10-01,0.6214453709642933,0.6185438765670203,0.6121467521192435,0.6213151054202368,0.08866368505860245,0,0.09376888472845338,2015,10
2015-10-02,0.5731626722646608,0.629546769527483,0.5811360510374295,0.6337152209492636,0.06933239778784994,0,0.085950827446407,2015,10
2015-10-05,0.6408439753532762,0.6393249758919961,0.6398603103996566,0.6359198998748437,0.069212821686303,0,0.08351837642418933,2015,10
2015-10-06,0.6369370420043929,0.6373095467695274,0.6230721957215182,0.6216039279869068,0.15030012115585123,0,0.06903378661090118,2015,10
2015-10-07,0.6289871129511926,0.627463837994214,0.6322807839005784,0.6301241937036681,0.012379841268004059,0,0.05698000757191593,2015,10
2015-10-08,0.629375862538146,0.6321118611378977,0.6279691356218237,0.6353422547415037,0.04053801894385758,0,0.048029837141606496,2015,10
2015-10-09,0.6382490718603613,0.6426325940212151,0.6438793128676363,0.6448926542793878,0.04180244432633686,0,0.03535089072088174,2015,10
2015-10-12,0.6445662526483564,0.6442622950819672,0.6456351877322876,0.6454606719938385,0.04274568001028558,0,0.028648540262694866,2015,10
2015-10-13,0.6410383501467529,0.6432979749276759,0.6462887633763523,0.6414652931549052,0.0751691035999836,0,0.014225767982984555,2015,10
2015-10-29,0.7011487550294477,0.7271938283510124,0.7089149668822492,0.7245595455858285,0.1713649881800314,0,0.03140967947753656,2015,10
2015-10-30,0.725834353800999,0.7297974927675988,0.7226693199886844,0.7219601424857995,0.11566090313506797,0,0.08692698002357854,2015,10
2015-11-02,0.7261259159912143,0.741658630665381,0.7331070205730005,0.7441994801193801,0.07847195349967731,0,0.15518179610026125,2015,11
2015-11-03,0.7450774583552005,0.7405978784956606,0.7437398183645002,0.7390969481082121,0.052593385885296405,0,0.1927252462159139,2015,11
2015-11-04,0.752463700507318,0.750433944069431,0.7559333938134675,0.7521902377972467,0.055010872118794664,0,0.23559223457144132,2015,11
2015-11-05,0.7511030769529807,0.7516875602700097,0.7532995815164906,0.7527678829305864,0.04914210208060852,0,0.2690207558945128,2015,11
2015-11-06,0.7506171399692887,0.751108968177435,0.749397637372821,0.7473765283527487,0.0769742413213089,0,0.2925369578993817,2015,11
2015-11-09,0.7488677668279977,0.7444551591128254,0.751251060841064,0.7439106575527101,0.023418694038149855,0,0.30738938123177084,2015,11
2015-11-10,0.7493537038116898,0.7476374156219865,0.7535922273272658,0.7471839799749689,0.012419647831566773,0,0.3168777908620867,2015,11
2015-11-11,0.750422765175812,0.7475409836065574,0.750568220615922,0.7413112544526814,0.0018671546268365369,0,0.3123262073075187,2015,11
2015-11-12,0.70221781639357,0.7277724204435874,0.7106708417469004,0.7225377876191392,0.07421476274506061,0,0.30911522185801543,2015,11
2015-11-13,0.7243765428499231,0.7238187078109932,0.7270590071503127,0.7192644651968807,0.023528650871881045,0,0.3053811736593681,2015,11
2015-11-16,0.724862479833615,0.727579556412729,0.7251080350784779,0.7314912871859054,0.02667751428109346,0,0.3015539082650578,2015,11
2015-11-17,0.7303049740509651,0.7327868852459016,0.7334972149873674,0.7234042553191489,0.020387373389320076,0,0.29083154073230155,2015,11
2015-11-18,0.725834353800999,0.7297974927675988,0.7284246876005971,0.725522287474728,0.06315354322210748,0,0.2727439697748305,2015,11
2015-11-19,0.7282640387194588,0.7216972034715526,0.7126218138187352,0.7171464330413015,0.048450218646739505,0,0.2271693546183741,2015,11
2015-11-20,0.7238906058662313,0.7596914175506269,0.7202306048988909,0.7139693848079329,0.09550251524302025,0,0.17238653277841412,2015,11
2015-11-23,0.7164071763173752,0.7120540019286403,0.7103781959361252,0.7054009819967266,0.04449020852382873,0,0.10516107440938363,2015,11
2015-11-24,0.700468443252279,0.696817743490839,0.6995893203788788,0.6966400308077405,0.06625485773024695,0,0.027726302322333585,2015,11
2015-11-27,0.6952203238284058,0.6919961427193829,0.693882727068762,0.6880138634832003,0.03567935023175397,0,0.004024243783310233,2015,11
2015-11-30,0.6911773281240889,0.6927675988428158,0.6975700642845297,0.68811013767209,0.08838543014081043,0,0.02149713450203436,2015,11
2015-12-01,0.6996909440783718,0.7026036644165863,0.7061836059816804,0.7041494175411573,0.09754578849685724,0,0.02085107523372484,2015,12
2015-12-02,0.7063968744533209,0.7051108968177435,0.7101830987289417,0.6998170790411091,0.09067160945835234,0,0.022834631018869816,2015,12
2015-12-03,0.7028009407740003,0.7000000000000001,0.680147883683045,0.6724463271396939,0.11621850784666357,0,0.03458081963089504,2015,12
2015-12-04,0.6771629055144128,0.6856316297010607,0.6827426765385853,0.683729662077597,0.052299020649048754,0,0.029091028580750883,2015,12
2015-12-07,0.6847240849806597,0.6837415621986499,0.6849375201193995,0.6823914508520266,0.04351999196673829,0,0.02382232384147473,2015,12
2015-12-08,0.6786401539448363,0.6786885245901639,0.6800503350794533,0.6764705882352942,0.06389923199140116,0,0.02051608457123058,2015,12
2015-12-09,0.6741986899138919,0.689778206364513,0.677455542223913,0.6784538365264272,0.1105796617709025,0,0.006517784107808178,2015,12
2016-02-08,0.6341963574163703,0.6301639344262295,0.5977875976705394,0.6049099836333878,0.18905325758459718,0,0.04877954554232575,2016,2
2016-02-09,0.6022022664100919,0.6091610414657667,0.6021187556700126,0.6036873014344855,0.10373394950869785,0,0.09123960326311817,2016,2
2016-02-10,0.6067992302758178,0.6245612343297975,0.6148976227405305,0.6132762106479253,0.06632266183753355,0,0.09946907796452362,2016,2
2016-02-11,0.6043306703986626,0.6043105110896818,0.6026942924312039,0.6015981515355733,0.0844413739254965,0,0.12121720034793923,2016,2
2016-02-12,0.5719381110657569,0.6035679845708776,0.5781803283485998,0.6025608934244728,0.06123743199646887,0,0.12377234355533626,2016,2
2016-02-16,0.6051762007502868,0.6162005785920925,0.6094056363583156,0.6200154038702224,0.06926936421175653,0,0.1190084994152609,2016,2
2016-02-17,0.6261492409664315,0.6368659594985534,0.6326904880356637,0.6366034466159622,0.06674880322231394,0,0.11511052253859191,2016,2
2016-02-18,0.6382101969016658,0.6381485053037609,0.6398993298410933,0.6339462790025994,0.032207967631711236,0,0.11405724744760107,2016,2
2016-02-19,0.6340991700196319,0.6296817743490839,0.6340756782066664,0.6311158178492347,0.021757297896054968,0,0.11312091343242012,2016,2
2016-02-22,0.6408051003945807,0.6387174541947926,0.6391189410123594,0.6344276499470491,0.05307520953580697,0,0.10668979192744285,2016,2
2016-02-23,0.6326705152875776,0.6334908389585342,0.6229746471179266,0.6194377587368827,0.07954508840185329,0,0.10295900364419705,2016,2
2016-02-24,0.620016716232239,0.6252169720347155,0.622496658960327,0.6269375180514103,0.03403273491581498,0,0.07197826903386909,2016,2
2016-02-25,0.6349544191109298,0.6467888138862102,0.6393140382195429,0.651025320111678,0.08015649844887351,0,0.03558158123964575,2016,2
2016-02-26,0.652866056329815,0.6596432015429122,0.657877537483051,0.6571098488495233,0.04923430628186675,0,0.03548606542190627,2016,2
2016-02-29,0.6586292689564017,0.6594503375120541,0.6588432686586091,0.6502840088572255,0.08349798183068899,0,0.020009777345883217,2016,2
2016-03-01,0.653837930297199,0.6547637415621986,0.6470984167861638,0.6557812650428421,0.08259791554376705,0,0.00795515368439395,2016,3
2016-03-02,0.657948957179233,0.6573481195756992,0.653848780154712,0.6562530085684029,0.0496050000172052,0,0.003960921314599991,2016,3
2016-03-03,0.6540323050906758,0.667463837994214,0.6623062440861159,0.6700105901607778,0.06022248193376375,0,0.01578111642923813,2016,3
2016-03-04,0.66416895057049,0.6747348119575699,0.6701784163959693,0.6738134206219313,0.05481895599505616,0,0.028698623622926106,2016,3
2016-03-07,0.6678134779481797,0.683288331726133,0.6754655507106416,0.6870800038509675,0.1181638679028964,0,0.05854833479742186,2016,3
2016-03-08,0.682595680992089,0.6879459980713597,0.6853667339752032,0.6858284393953982,0.06447951627752166,0,0.06987844745564056,2016,3
2016-03-09,0.6888739868213889,0.688138862102218,0.6915513154429195,0.6842302878598248,0.024175566183847197,0,0.07213353963283317,2016,3
2016-03-10,0.6974556339533888,0.6911282545805207,0.6950728200325812,0.6887840569943198,0.11162206193932572,0,0.0789025719378659,2016,3
2016-03-11,0.7002740684588022,0.7200578592092575,0.7087198696750656,0.7241744488302686,0.1475565182817704,0,0.1049185781942216,2016,3
2016-03-14,0.7209749839640796,0.7284474445515912,0.7271565557539044,0.7285067873303168,0.12054201680540833,0,0.12207479346326114,2016,3
2016-03-15,0.7247652924368768,0.724397299903568,0.7304732082760236,0.7215750457302397,0.06796286430826204,0,0.13457137106568115,2016,3
2016-03-16,0.7219468579314634,0.7247830279652845,0.7229619657994596,0.7210936747857899,0.03798625398808587,0,0.14909201627033883,2016,3
2016-03-17,0.7210721713608179,0.7233365477338477,0.7187673758450148,0.7146433041301625,0.02498898085499806,0,0.1518328004522698,2016,3
2016-03-18,0.7175734250782357,0.7212150433944069,0.7218889311599505,0.723307981130259,0.07447401374350934,0,0.1529638524933071,2016,3
2016-03-21,0.7225299823118938,0.7213114754098361,0.7225717713850927,0.7222489650524695,0.020578585664194016,0,0.1494941856861621,2016,3
2016-03-22,0.7146578031760842,0.7221793635486982,0.7214011881419918,0.7224415134302493,0.039598067887943504,0,0.1252116558395305,2016,3
2016-03-23,0.7264174781814292,0.7239151398264223,0.727351652961088,0.7226340618080294,0.03796811032846593,0,0.09896496435273242,2016,3
2016-03-24,0.7168931133010672,0.717454194792671,0.7204257021060744,0.7160874169635121,0.032465263494425044,0,0.08561636614149873,2016,3
2016-03-28,0.7330262211596399,0.7327868852459016,0.7271565557539044,0.7218638682969096,0.027003630921676007,0,0.07511145330684751,2016,3
2016-03-29,0.7272921647520749,0.7351976856316296,0.7313511457083491,0.7382304804082025,0.04283131495547452,0,0.061896706877938495,2016,3
2016-03-30,0.746243707116061,0.7452266152362585,0.7502755748051467,0.7464137864638491,0.07218830365854384,0,0.05219203467621389,2016,3
2016-03-31,0.7507143273660271,0.7472516875602699,0.7532995815164906,0.7457398671416193,0.06949459584841786,0,0.032860322298993244,2016,3
2016-04-01,0.7452718331486772,0.7513018322082932,0.7492025401656376,0.7527678829305864,0.09613308562024259,0,0.025814044841126454,2016,4
2016-04-04,0.758878068692052,0.7607521697203472,0.7562260396242427,0.7478578992971985,0.08561007586239472,0,0.010999175885539197,2016,4
2016-04-12,0.7778296110560381,0.7903567984570876,0.7836371972335215,0.792721671319919,0.11514865757252224,0,0.02199190655683375,2016,4
2016-04-13,0.7983361517678387,0.8168756027000963,0.8054880844380713,0.8201598151535574,0.1666222981197225,0,0.08118680046604473,2016,4
2016-04-14,0.8222442513654828,0.8286403085824492,0.8288022006964971,0.8294021372869933,0.08645625860846265,0,0.13293132118919013,2016,4
2016-04-15,0.8286586195502166,0.8217936354869817,0.8094875771853326,0.816308847597959,0.10782581398557078,0,0.15240047145326055,2016,4
2016-04-18,0.8160242579742258,0.8114754098360655,0.817974305697814,0.8122653316645807,0.055545875461294726,0,0.16538163884048637,2016,4
2016-04-19,0.8204948782241919,0.8175506268081003,0.8227541872738092,0.8144796380090498,0.057404349285468274,0,0.17313756448044185,2016,4
2016-04-20,0.8177736311155168,0.82526518804243,0.8219737984450753,0.8239145085202657,0.06762243607409996,0,0.18144671493222855,2016,4
2016-04-21,0.8240908119035124,0.8303760848601736,0.8255830967779697,0.8196784442091076,0.0622411986827703,0,0.17971892895008998,2016,4
2016-04-22,0.8251598732676346,0.8233365477338477,0.8302654297503732,0.8231443150091462,0.043013377195109094,0,0.1675108901029944,2016,4
2016-04-25,0.8203976908274533,0.8213114754098361,0.8256806453815614,0.8221815731202464,0.04559697176064508,0,0.15143936062759514,2016,4
2016-04-26,0.8286586195502166,0.8266152362584378,0.8325090476329832,0.8272841051314144,0.03857897293748038,0,0.14498772386498762,2016,4
2016-04-27,0.8339067389740897,0.8405014464802314,0.8407031303346894,0.8338307499759314,0.0739765490071195,0,0.1426239787212549,2016,4
2016-04-28,0.8384745466207941,0.8478302796528447,0.832996790650942,0.8252623471647251,0.16144893075972822,0,0.12919066729377218,2016,4
2016-04-29,0.8286586195502166,0.8351012536162006,0.831436012993474,0.832675459709252,0.12074558553812687,0,0.11950980052370666,2016,4
2016-05-02,0.8361420490990727,0.8321118611378977,0.8328992420473501,0.8342158467314913,0.0940809751528838,0,0.0997575317859958,2016,5
2016-05-03,0.8353645499251656,0.8303760848601736,0.833289436461717,0.8244921536536056,0.0559284564219014,0,0.05621559079456159,2016,5
2016-05-04,0.8236048749198202,0.8211186113789777,0.8256806453815614,0.8224703956869164,0.06909113403816236,0,0.026660233598450434,2016,5
2016-05-26,0.8939685501584154,0.8941176470588235,0.8958180913640222,0.8966015211321845,0.06790749486424946,0,0.016706932139460257,2016,5
2016-05-27,0.8993138569790269,0.9017357762777243,0.9057680489303795,0.9020891498989121,0.04579115584183608,0,0.03815382086425506,2016,5
2016-05-31,0.9047563511963768,0.897589199614272,0.8980617092466322,0.893039376143256,0.1254310292241177,0,0.04608943007583341,2016,5
2016-06-01,0.8981476082181661,0.8920925747348121,0.8957205427604303,0.8934244728988159,0.04030074367106921,0,0.04332886696548319,2016,6
2016-06-02,0.8974672964409975,0.8968177434908389,0.9019636533903018,0.9006450370655628,0.03308793512327834,0,0.03825655449341106,2016,6
2016-06-03,0.9029097906583474,0.8954676952748313,0.8976715148322653,0.8902474246654473,0.06353385622526167,0,0.031146502004166382,2016,6
2016-06-06,0.8941629249518921,0.8909353905496624,0.8968911260035314,0.8875517473765284,0.13279805887867804,0,0.01364370030361825,2016,6
2016-06-16,0.8391548583979629,0.8383799421407907,0.8371913806053867,0.8416289592760182,0.13412176397663972,0,0.004512170321685355,2016,6
2016-06-17,0.8447917274087895,0.839344262295082,0.8419712621813819,0.8394146529315492,0.1417356881718042,0,0.015370471152964055,2016,6
2016-06-20,0.8528582813380761,0.8599807135969142,0.8601153024494456,0.8505824588427844,0.17276697691281878,0,0.020922161486203822,2016,6
2016-06-21,0.8633545201858221,0.8600771456123433,0.8648951840254407,0.8596322325984405,0.16036320478341945,0,0.022535016018065623,2016,6
2016-06-22,0.8638404571695142,0.866923818707811,0.8712358432589039,0.8622316356984694,0.07791278467949381,0,0.02259359797745461,2016,6
2016-06-23,0.8731704472563997,0.8801350048216008,0.8802103147893438,0.8839896023875999,0.11758600798508717,0,0.019561511854686714,2016,6
2016-06-24,0.8578148385717339,0.8609450337512055,0.8534819974052071,0.8437469914315974,0.48703432186038825,0,0.01827123503912559,2016,6
2016-06-27,0.8455692265826966,0.8401157184185151,0.8313384643898823,0.8307499759314527,0.09996108497833242,0,0.017671177752153933,2016,6
2016-06-28,0.8466382879468191,0.8467695274831244,0.844897720289134,0.8497159911427745,0.07380050858554846,0,0.008707281114939264,2016,6
2016-07-08,0.9072832235115751,0.918900675024108,0.9065484377591134,0.9218253586213536,0.07309353150380593,0,0.036423139080009326,2016,7
2016-07-11,0.9251657045114388,0.9237222757955641,0.9304478456390898,0.9236545682102628,0.06094103341905691,0,0.0725870056037062,2016,7
2016-07-12,0.9283728886038056,0.9303760848601736,0.9350326300079014,0.9272167131991913,0.05060204103657855,0,0.10350133672427578,2016,7
2016-07-13,0.9305110113320503,0.9250723240115717,0.9357154702330438,0.928275729276981,0.04820496642015273,0,0.12279328326730751,2016,7
2016-07-14,0.937605691293953,0.9349083895853423,0.9419585808629151,0.9352074708770579,0.04497062447661016,0,0.13862906628739294,2016,7
2016-07-15,0.9431453729080412,0.9362584378013501,0.9379590881156535,0.9268316164436314,0.031760788986423226,0,0.14232991977084106,2016,7
2016-07-18,0.9297335121581431,0.9294117647058824,0.9320086232965575,0.921151439299124,0.05816872915238765,0,0.13532932164622827,2016,7
2016-07-19,0.9247769549244853,0.9218900675024106,0.9249851238379522,0.9182632136324251,0.05731777587512658,0,0.12986762097019208,2016,7
2016-07-20,0.9304138239353119,0.9350048216007714,0.9381541853228371,0.937132954654857,0.031644341102052144,0,0.13658709728219456,2016,7
2016-07-21,0.9363422551363538,0.9397299903567984,0.9364958590617777,0.9256763261769521,0.052478345698654456,0,0.13393575054431592,2016,7
2016-07-22,0.9251657045114388,0.9183220829315333,0.9141572288392691,0.9179743910657554,0.08592383604513265,0,0.13502945906616468,2016,7
2016-07-25,0.9222500826092872,0.914175506268081,0.9196199506404067,0.9071916819100798,0.05105328636419517,0,0.1073700586154209,2016,7
2016-07-26,0.9113650941745872,0.9083895853423336,0.91308419419976,0.909791085010109,0.07608332506962628,0,0.05466828496871476,2016,7
2016-07-27,0.9139891538865239,0.908003857280617,0.9040121740657284,0.9008375854433426,0.08833045172394485,0,0.015995900260966867,2016,7
2016-07-28,0.9416875619569653,0.9627772420443585,0.9463482680245433,0.9463752767882931,0.1733427252840343,0,0.006505763073502063,2016,7
2016-07-29,0.9509203646471125,0.9794599807135971,0.9602001697345702,0.9814190815442381,0.11955960020133205,0,0.0413303804770325,2016,7
2016-08-01,0.9836725173479501,0.9817743490838957,0.9891721050013168,0.9806488880331183,0.07709405203914402,0,0.06271425904828018,2016,8
2016-08-02,0.9835753299512118,0.9797492767598843,0.9812706681103859,0.9762202753441804,0.04614745977816561,0,0.06144641142079868,2016,8
2016-08-03,0.9820203316033975,0.9743490838958535,0.9844897720289135,0.974679888321941,0.0400708979140735,0,0.06614712450998098,2016,8
2016-08-04,0.981340019826229,0.977145612343298,0.9797098904529181,0.979204775199769,0.04140171970611025,0,0.06960739066588914,2016,8
2016-08-05,0.9871712636305323,0.9819672131147541,0.991415722883927,0.983825936266487,0.02472370803848583,0,0.08680552070332012,2016,8
2016-08-08,0.9872684510272707,0.9842815814850532,0.9933666949557617,0.9863290651776258,0.023037755391560506,0,0.10213548939153513,2016,8
2016-08-09,0.993099694831574,0.9972999035679846,0.9980490279281652,1.0000000000000002,0.05293709874749312,0,0.12538685259418395,2016,8
2016-08-10,0.9657900363480862,0.9658630665380907,0.9642972110854232,0.9603350341773371,0.3270636301271088,0,0.12360223617316382,2016,8
2016-08-11,0.9658872237448246,0.9666345226615236,0.9753202032912899,0.9657263887551748,0.13932680453553953,0,0.12423723396316447,2016,8
2016-08-12,0.9715240927556512,0.9666345226615236,0.9728814882014963,0.9642822759218255,0.033340695071087174,0,0.12087947524865314,2016,8
2016-08-15,0.9703578439947906,0.9661523625843782,0.9788319530205926,0.9696736304996632,0.07413859065682862,0,0.11457265107630052,2016,8
2016-08-16,0.9692887826306684,0.9619093539054966,0.9683942524362764,0.9543660344661598,0.06012269180585408,0,0.10266263215623914,2016,8
2016-08-17,0.964720974983964,0.9589199614271937,0.9566884200052675,0.9493597766438819,0.07635680945622514,0,0.0997835158500063,2016,8
2016-08-18,0.9555853596905552,0.951108968177435,0.959517329509428,0.9516703571772409,0.060794320033509465,0,0.09091451500510142,2016,8
2016-08-19,0.9491709915058213,0.947348119575699,0.9541521563118825,0.9493597766438819,0.045748846704532685,0,0.07590365201130081,2016,8
2016-08-22,0.9546134857231714,0.9538090646094504,0.9548349965370245,0.9539809377105997,0.027857634210683553,0,0.04676164127807561,2016,8
2016-08-23,0.9627772270491961,0.9658630665380907,0.9706378703188864,0.9683257918552035,0.0598646920942757,0,0.013353600986845043,2016,8
2016-09-14,0.9123369681419713,0.9108968177434908,0.9168885897398379,0.9077693270434197,0.08482512796754413,0,0.0010427938831134576,2016,9
2016-09-15,0.9117538437615409,0.9259402121504339,0.9165959439290626,0.9218253586213536,0.051179197105523204,0,0.013187441405220685,2016,9
2016-09-16,0.9233191439734094,0.918900675024108,0.9223513115409753,0.9162414556657361,0.09049431774991093,0,0.027912728907900586,2016,9
2016-09-19,0.9265263280657763,0.9266152362584379,0.9320086232965575,0.9225955521324734,0.035074587646232426,0,0.03625407330406108,2016,9
2016-09-20,0.9356619433591851,0.9281581485053039,0.9344473383863511,0.9208626167324541,0.02440955682860091,0,0.04403742155138657,2016,9
2016-09-21,0.9282757012070675,0.9445515911282547,0.9375688937012868,0.9460864542216232,0.03553216761363014,0,0.038704506096007785,2016,9
2016-09-22,0.9560712966742473,0.9651880424300867,0.9626388848243638,0.9622605179551362,0.040956339785698355,0,0.04146485456525767,2016,9
2016-09-23,0.9621941026687657,0.9575699132111861,0.965175148517749,0.9570617117550786,0.01453659059989508,0,0.04222069082739566,2016,9
2016-09-26,0.9546134857231714,0.9483124397299905,0.9559080311765337,0.9431019543660344,0.011386475903812324,0,0.03799942927031341,2016,9
2016-09-27,0.950045678076467,0.9540019286403085,0.9537619618975154,0.9539809377105997,0.038559890812707685,0,0.027669952226511724,2016,9
2016-09-28,0.9563628588644624,0.9571841851494696,0.938934574151571,0.9597573890439974,0.017240934348418953,0,0.02304610231954629,2016,9
2016-09-29,0.96374910101658,0.9582449373191899,0.9582491976627355,0.9523442764994705,0.06984135872236102,0,0.01742065593578737,2016,9
2016-09-30,0.9650125371741791,0.9738669238187077,0.9703452245081111,0.9731395012997015,0.07453876783904947,0,0.026420912652715567,2016,9
2016-10-03,0.972884716309989,0.9683702989392478,0.9758079463092487,0.9717916626552421,0.049045752991592285,0,0.030387220416827287,2016,10
2016-10-04,0.9755087760219252,0.9707810993249759,0.9729790368050882,0.9655338403773948,0.016795319811718862,0,0.027958371632488238,2016,10
2016-10-05,0.9753144012284487,0.9789778206364512,0.9807829250924275,0.9781457591219793,0.04184060857588225,0,0.03343557223673285,2016,10
2016-10-06,0.9791047097012457,0.9773384763741564,0.9823437027498952,0.9804563396553385,0.018442482565663623,0,0.040328345133042315,2016,10
2016-10-07,0.9856162652827181,0.9810993249758919,0.987611327343849,0.9824780976220275,0.02506702987353556,0,0.04959283635271042,2016,10
2016-10-10,0.9922250082609285,1.0,1.0,0.9991335322999904,0.030438178764473085,0,0.07341779975021592,2016,10
2016-10-11,1.0,0.9913211186113791,0.9442997473491167,0.9406950996437855,0.13690830163145912,0,0.055727995667482516,2016,10
2016-10-12,0.9466441191906234,0.9440694310511089,0.9400076087910801,0.9446423413882739,0.08956508083782413,0,0.033352912810649615,2016,10
2016-10-13,0.9409100627830582,0.9426229508196722,0.9434218099167911,0.9433907769327043,0.03268423869673467,0,0.02181714786678024,2016,10
2016-10-14,0.9558769218807706,0.9544840887174542,0.9590295864914694,0.9457013574660633,0.0678917755729408,0,0.0027334417512896447,2016,10
2016-10-26,0.9274010146364218,0.9214079074252652,0.8983543550574072,0.8877442957543082,0.12731077492508702,0,0.03942608562601976,2016,10
2016-10-27,0.8917332400334324,0.8891031822565092,0.8868436198335822,0.8868778280542986,0.08955280258540893,0,0.08583550520419278,2016,10
2016-10-28,0.8907613660660485,0.9119575699132112,0.8934769248778204,0.9018003273322424,0.14718691942244352,0,0.10310239808448232,2016,10
2016-10-31,0.752463700507318,0.7627772420443586,0.7349604440412435,0.7379416578415328,0.7594207824359365,0,0.36056783009172777,2016,10
2016-11-01,0.7516862013334111,0.7492767598842816,0.7272541043574962,0.7224415134302493,0.3716730237253375,0,0.5365439618064717,2016,11
2016-11-02,0.7244737302466617,0.7224686595949855,0.7155482719264874,0.7057860787522865,0.1972987688275661,0,0.6753816198464541,2016,11
2016-11-03,0.7081462475946119,0.7136933461909354,0.7097929043145748,0.7107923365745643,0.1410433355053588,0,0.7684292040948658,2016,11
2016-11-04,0.7186424864423582,0.7389585342333653,0.7260835211143952,0.7153172234523923,0.15850598224611626,0,0.8294530396047701,2016,11
2016-11-07,0.7282640387194588,0.733847637415622,0.7329119233658171,0.7289881582747666,0.1356212748798843,0,0.8487351982940976,2016,11
2016-11-08,0.7143662409858689,0.7151398264223722,0.6940778242759456,0.7039568691633773,0.3743306006270824,0,0.8995747223992181,2016,11
2016-11-09,0.7287499757031508,0.7221793635486982,0.6759825583096778,0.701935111196688,0.264010268060058,0,0.9345421065551287,2016,11
2016-11-10,0.7120337434641475,0.7182256509161041,0.6877956942046375,0.6929816116299219,0.1770894692009814,0,0.9611625348751598,2016,11
2016-11-11,0.6903026415534432,0.6876567020250723,0.6748217299269361,0.6676903822085298,0.19139449352443405,0,0.9878534334925482,2016,11
2016-11-14,0.6706610686726144,0.664831243972999,0.6546974530059603,0.6673052854529702,0.31225480642748527,0,1.0,2016,11
2016-11-15,0.6734503469590063,0.7018322082931533,0.6812111634621951,0.7002984499855589,0.24119148787080716,0,0.9615534711495495,2016,11
2016-11-16,0.6972612591599121,0.6957569913211186,0.6981358461853618,0.6949070954077212,0.09014786769768535,0,0.9155299730147459,2016,11
2016-11-17,0.6962893851925283,0.6967213114754098,0.7039399880990704,0.6941369018966015,0.0951298663719469,0,0.8494525873416032,2016,11
2016-11-18,0.6985246953175113,0.7010607521697204,0.7022816618380108,0.6925965148743622,0.15485503998017963,0,0.7677576888345957,2016,11
2016-11-21,0.694734386844714,0.7044358727097396,0.6999795147932457,0.7064599980745163,0.09959054765385275,0,0.6483368399313876,2016,11
2016-11-22,0.6977471961436041,0.6914175506268081,0.6795625920614947,0.6942331760854914,0.20877830919236,0,0.5254592853460066,2016,11
2016-11-23,0.6903998289501818,0.700096432015429,0.697862710095305,0.6959661114855107,0.08149162153952705,0,0.42451896395131716,2016,11
2016-11-25,0.7078546854043968,0.7104146576663453,0.71232916800796,0.709059401174545,0.020680721954985576,0,0.28395573157444787,2016,11
2016-12-14,0.7472155810834449,0.7422372227579557,0.7356432842663857,0.732935400019255,0.12793289911593456,0,0.0023187848842501912,2016,12
2017-01-10,0.7923105331700584,0.8373191899710704,0.8010008486728514,0.8195821700202177,0.2774174158486118,0,0.06780289969149048,2017,1
2017-01-11,0.8260345598382801,0.839440694310511,0.8294850409216393,0.8297872340425532,0.16032152128955124,0,0.15269403396855039,2017,1
2017-01-12,0.8233133127296053,0.8272902603664416,0.8154380420044286,0.8267064599980745,0.08650677931585266,0,0.21097402875792734,2017,1
2017-01-13,0.831962991039322,0.8322082931533268,0.8359232487586942,0.8341195725426014,0.04620314204389577,0,0.2665440686621371,2017,1
2017-01-17,0.8280754951697864,0.8354869816779171,0.835533054344327,0.8365264272648503,0.06255331655149093,0,0.3075375480928244,2017,1
2017-01-18,0.8420704803001147,0.8378977820636451,0.8419712621813819,0.8367189756426303,0.03581628793862688,0,0.3409614641215075,2017,1
2017-01-19,0.8367251734795031,0.8319189971070395,0.8342649224976345,0.828150572831424,0.0383485015370495,0,0.35747145786754864,2017,1
2017-01-20,0.833712364180613,0.831533269045323,0.8272414230390291,0.8193896216424377,0.07510693028361357,0,0.357184473479337,2017,1
2017-01-23,0.8202033160339766,0.8231436837029893,0.8290948465072722,0.8242996052758256,0.07258441415843606,0,0.35167376288330854,2017,1
2017-01-24,0.8254514354578497,0.831533269045323,0.8302654297503732,0.827958024453644,0.06995280145925076,0,0.3398512219969779,2017,1
2017-01-25,0.8313798666588916,0.8397299903567985,0.8386546096592628,0.8412438625204584,0.08166938248054484,0,0.33227065407496637,2017,1
2017-01-26,0.8445001652185744,0.8404050144648023,0.8439222342532166,0.8355636853759507,0.055107612234957894,0,0.31900842010127506,2017,1
2017-01-27,0.8437226660446673,0.8552555448408872,0.8496776018651294,0.8510638297872339,0.060268779547966354,0,0.3069271954676981,2017,1
2017-01-30,0.8535385931152448,0.8459980713596915,0.8441173314604001,0.8359487821315106,0.18908884105497248,0,0.2818431775174526,2017,1
2017-01-31,0.8440142282348824,0.8801350048216008,0.8529942543872485,0.8642533936651584,0.19792793150705928,0,0.25859774692566084,2017,1
2017-02-01,0.8725873228759693,0.8690453230472517,0.8675289963224176,0.8659863290651777,0.07979745732251511,0,0.2235008081463912,2017,2
2017-02-02,0.8623826462184383,0.8602700096432014,0.8646025382146655,0.8574179262539714,0.09743935090744887,0,0.17813050050574256,2017,2
2017-02-03,0.866756079071666,0.8663452266152363,0.8702603572229864,0.8624241840762492,0.04499783996604007,0,0.12567796310459792,2017,2
2017-02-06,0.8626742084086536,0.8597878495660558,0.86148098289973,0.853759507076153,0.049404324885374294,0,0.041863651376708694,2017,2
2017-05-05,0.8617995218380079,0.8541947926711668,0.8541648376303493,0.8492346201983247,0.08268980692330768,0,0.013146828330934557,2017,5
2017-05-08,0.8535385931152448,0.8517839922854387,0.8568961985309179,0.8527967651872534,0.061639720725283405,0,0.025860528075180272,2017,5
2017-05-09,0.8558710906369662,0.8675024108003857,0.8644074410074821,0.8696447482429961,0.07897551825956006,0,0.028335994363684197,2017,5
2017-05-10,0.8718098237020622,0.8756991321118612,0.8765034678528577,0.8774429575430829,0.07079405726326668,0,0.028457470718546624,2017,5
2017-05-11,0.8846385600715299,0.8896817743490839,0.8823563840683623,0.8921729084432464,0.12290147461029452,0,0.028076104199568297,2017,5
2017-05-12,0.8946488619355841,0.9067502410800385,0.9007930701472008,0.8944834889766053,0.12409762665291085,0,0.028498189445538474,2017,5
2017-05-15,0.8958151106964447,0.908582449373192,0.8964033829855725,0.9047848271878309,0.16269145862197654,0,0.032030867559403986,2017,5
2017-05-16,0.8877485567671584,0.8948891031822566,0.8800152175821604,0.8802349090208914,0.26858731902090555,0,0.03170634235641434,2017,5
2017-05-17,0.8766691935389819,0.8742526518804243,0.8699677114122112,0.86059497448734,0.10362555678355459,0,0.03885347350549423,2017,5
2017-05-18,0.8643263941532062,0.8651880424300868,0.8646025382146655,0.8561663617984019,0.050386115846015385,0,0.04444560250678628,2017,5
2017-05-19,0.8628685832021303,0.8589199614271938,0.8587496219991612,0.8601136035428902,0.04280269176831548,0,0.04810177575644575,2017,5
2017-05-22,0.8676307656423115,0.8599807135969142,0.8656755728541746,0.8612688938095696,0.04459821022182501,0,0.03901296083289288,2017,5
2017-05-23,0.8669504538651427,0.862198649951784,0.8690897739798854,0.8614614421873497,0.06353463827955563,0,0.013593772849154556,2017,5
2017-06-05,0.9283728886038056,0.9202507232401156,0.9265459014954202,0.9200924232213343,0.04570669397808808,0,0.010005041343577603,2017,6
2017-06-06,0.9203063346745193,0.9212150433944069,0.929569908206764,0.9224030037546935,0.05266228486859454,0,0.021422303847548674,2017,6
2017-06-07,0.9299278869516201,0.9239151398264225,0.9333743037468419,0.9241359391547126,0.030441150570790144,0,0.037751152265635385,2017,6
2017-06-08,0.9303166365385735,0.9319189971070396,0.9333743037468419,0.9319341484547994,0.04563161676586764,0,0.058857115657487,2017,6
2017-06-09,0.9365366299298306,0.9355834136933461,0.931813526089374,0.9303937614325599,0.06942225582622627,0,0.0759020199596174,2017,6
2017-06-12,0.9306081987287886,0.9273866923818708,0.923912089198443,0.93029748724367,0.04521360874574445,0,0.09047162021670593,2017,6
2017-06-13,0.9323575718700798,0.933944069431051,0.9395198657731215,0.934822374121498,0.01574048498002164,0,0.10522653948712521,2017,6
2017-06-14,0.9441172468754251,0.936162005785921,0.9436169071239745,0.9360739385770676,0.027905652344332878,0,0.11809879344322058,2017,6
2017-06-15,0.9333294458374637,0.9380906460945033,0.9383492825300207,0.9383845191104265,0.03167390275436394,0,0.11982175242834534,2017,6
2017-06-16,0.9463525570004081,0.9398264223722275,0.9482016914927863,0.9391547126215463,0.049939797460450734,0,0.1134017969386443,2017,6
2017-06-19,0.9465469317938848,0.9484088717454193,0.9518109898256807,0.9504187927216714,0.03646124811485812,0,0.1114271761909563,2017,6
2017-06-20,0.9566544210546777,0.9543876567020251,0.9643947596890151,0.9516703571772409,0.03310959802722111,0,0.10416806115848484,2017,6
2017-06-21,0.9621941026687657,0.9670202507232399,0.9635168222566893,0.9664003080774044,0.05047589567896233,0,0.10041669284232588,2017,6
2017-06-22,0.9713297179621747,0.9788813886210221,0.9807829250924275,0.9747761625108309,0.05447031619080748,0,0.10616452973001486,2017,6
2017-06-23,0.9821175190001359,0.9735776277724204,0.983904480407363,0.971887936844132,0.2237792836320103,0,0.10230102993715898,2017,6
2017-06-26,0.9791047097012457,0.9752169720347157,0.980197633470877,0.9715991142774623,0.04451930094356415,0,0.08905302166792736,2017,6
2017-06-27,0.9740509650708495,0.9683702989392478,0.9734667798230469,0.9638971791662656,0.037466344293459304,0,0.05045018722854436,2017,6
2017-06-28,0.9772581491632164,0.9713596914175506,0.9791245988313676,0.9663040338885147,0.05272688255327588,0,0.0077922821755339045,2017,6
2017-07-28,0.9346900693918012,0.9285438765670202,0.9332767551432503,0.9208626167324541,0.08414161251462049,0,0.025230759929170454,2017,7
2017-07-31,0.9243882053375316,0.9162970106075217,0.9081092154165812,0.8972754404544141,0.14198406861556684,0,0.07314468841757518,2017,7
2017-08-01,0.9061169747507143,0.8981677917068467,0.9001102299220588,0.8876480215654183,0.1341392037873951,0,0.12070574280003857,2017,8
2017-08-02,0.891150115653002,0.8839922854387656,0.872308877898413,0.8624241840762492,0.1652953083937262,0,0.18706517264227543,2017,8
2017-08-03,0.8615079596477928,0.8630665380906462,0.8625540175392391,0.8573216520650815,0.1244325805070152,0,0.24342195524556284,2017,8
2017-08-04,0.8618967092347465,0.862295081967213,0.8620662745212803,0.8647347646096082,0.09790091935174583,0,0.2827211620482558,2017,8
2017-08-07,0.8684082648162186,0.8614271938283511,0.867041253304459,0.8576104746317512,0.02811070698020996,0,0.32045037412404664,2017,8
2017-08-08,0.8602445234901936,0.8526518804243008,0.8448001716855423,0.8369115240204101,0.08637539419446688,0,0.369751507416884,2017,8
2017-08-09,0.8298248683110774,0.8256509161041465,0.8219737984450753,0.816020025031289,0.10999585824045918,0,0.4285272031269707,2017,8
2017-08-10,0.815052384006842,0.8093539054966248,0.8011959458800347,0.7897371714643304,0.1387849191152526,0,0.49235076580838066,2017,8
2017-08-11,0.7957120920559022,0.8072324011571841,0.8027567235375025,0.804852219120054,0.08215574204596038,0,0.5065463650834083,2017,8
2017-08-14,0.816607382354656,0.819672131147541,0.8181694029049974,0.8126504284201406,0.03987952922834077,0,0.49903488384592587,2017,8
2017-08-15,0.8208836278111453,0.8172613307618128,0.8214860554271165,0.8170790411090787,0.07109233277098415,0,0.48596186324205004,2017,8
2017-08-16,0.8272979959958793,0.8258437801350049,0.8289972979036805,0.8181380571868682,0.08394406559996545,0,0.46065673628007386,2017,8
2017-08-17,0.8206892530176686,0.8238187078109931,0.8232419302917678,0.8117839607201309,0.047571424236613334,0,0.43915831086641843,2017,8
2017-08-18,0.8155383209905338,0.8082931533269044,0.8132919727254103,0.8017714450755753,0.04602280032370792,0,0.4089551328239439,2017,8
2017-08-21,0.8073745796645091,0.8151398264223721,0.8154380420044286,0.8151535573312796,0.06288999092504197,0,0.3652612041365413,2017,8
2017-08-22,0.8182595680992089,0.8238187078109931,0.8250953537600109,0.8265139116202946,0.0933993366302657,0,0.3021348541476726,2017,8
2017-08-23,0.8210780026046223,0.8177434908389585,0.8193399861480982,0.8104361220756715,0.051708960684253714,0,0.22300721867838166,2017,8
2017-08-24,0.819037067273116,0.8225650916104146,0.8238272219133184,0.8159237508423993,0.042717056823126535,0,0.1612819889561087,2017,8
2017-08-25,0.8254514354578497,0.8223722275795564,0.8307531727683318,0.8191970732646576,0.02363188203868416,0,0.10111822948853069,2017,8
2017-08-28,0.8262289346317568,0.819672131147541,0.8230468330845843,0.816308847597959,0.025135068597110337,0,0.05787187483835474,2017,8
2017-08-29,0.8146636344198883,0.8147540983606556,0.8186571459229562,0.8156349282757294,0.020017070681128624,0,0.014513595667275198,2017,8
2017-10-16,0.8870682449899896,0.8815814850530377,0.8906480153736599,0.8822566669875807,0.07058955006539538,0,0.005239216862169854,2017,10
2017-10-17,0.8877485567671584,0.8829315332690453,0.8884043974910499,0.8863001829209589,0.022985514164723782,0,0.009954733996130866,2017,10
2017-10-18,0.892121989620386,0.8915139826422374,0.8988420980753661,0.8936170212765957,0.03353558300114274,0,0.020173317224396775,2017,10
2017-10-19,0.8997026065659806,0.9018322082931534,0.9017685561831182,0.9050736497545009,0.050706054257675624,0,0.01465805038198656,2017,10
2017-10-20,0.9136975916963088,0.9103857280617165,0.9129866455961683,0.9095985366323289,0.02665178469482208,0,0.018595375829600275,2017,10
2017-10-23,0.9157385270278149,0.9199614271938283,0.916108200911104,0.9033407143544816,0.03368104509981985,0,0.009896027781824246,2017,10
2017-11-02,0.8413901685229459,0.8364030858244937,0.8151453961936536,0.8130355251757004,0.236847176267843,0,0.061466282733389194,2017,11
2017-11-03,0.7945458432950414,0.7963355834136934,0.7883195302059253,0.7834793491864831,0.2712896294282651,0,0.1503654475224421,2017,11
2017-11-06,0.7871596011429236,0.791658630665381,0.7923190229531866,0.7843458168864927,0.16153808494924,0,0.2125540328931073,2017,11
2017-11-07,0.7935739693276576,0.7864995178399228,0.7847102318730307,0.7783768171753154,0.0648714036842265,0,0.26984290156730995,2017,11
2017-11-08,0.7796761715940677,0.7851494696239152,0.7833445514227465,0.7827091556753636,0.1051365638849204,0,0.3122461439855203,2017,11
2017-11-09,0.7843411666375104,0.8046287367405978,0.792123925746003,0.8084143641089825,0.0946572709621051,0,0.32590239884308014,2017,11
2017-11-10,0.8062083309036483,0.8036644165863067,0.7983670363758743,0.7979204775199769,0.04095493208796922,0,0.34412637250281,2017,11
